name,score,both labels,num anchors,num before,pos%,neg%
:,-339.94334241415265,False,340,695,0.0,1.0
.,-337.75768376163313,False,338,586,0.0,1.0
#,-329.9536491677337,False,330,552,0.0,1.0
  ,-313.7791553970885,False,314,588,0.0,1.0
rt,-275.93299237354745,False,276,597,0.0,1.0
the,-275.89579443164223,False,276,425,0.0,1.0
i,-258.4408288501972,False,259,668,0.0,1.0
trash,-221.7856423444269,False,222,229,0.0,1.0
a,-214.6412734213202,False,215,592,0.0,1.0
;,-187.94362433862435,False,188,380,0.0,1.0
!,-151.56051588945755,False,152,328,0.0,1.0
bitch,149.70576010437682,False,151,571,1.0,0.0
&,-141.0,False,141,299,0.0,1.0
to,-127.88595543493464,False,128,262,0.0,1.0
is,-124.97916666666666,False,125,230,0.0,1.0
you,-115.20442275189434,False,116,375,0.0,1.0
",",-113.82057984530856,False,114,243,0.0,1.0
and,-111.8852155163257,False,112,179,0.0,1.0
?,-101.6670956764605,False,102,184,0.0,1.0
in,-91.95998399359743,False,92,178,0.0,1.0
bitches,90.30482845241903,False,91,183,1.0,0.0
"""",-89.9795918367347,False,90,230,0.0,1.0
that,-88.82054437936792,False,89,227,0.0,1.0
's,-87.88404440481565,False,88,159,0.0,1.0
my,-87.50498325916774,False,88,203,0.0,1.0
bird,-80.0,False,80,85,0.0,1.0
for,-69.9607843137255,False,70,134,0.0,1.0
it,-68.92268561996643,False,69,148,0.0,1.0
of,-66.92070790580382,False,67,105,0.0,1.0
me,-63.6743334088115,False,64,161,0.0,1.0
this,-62.889600100830044,False,63,159,0.0,1.0
',-62.73043869295365,False,63,139,0.0,1.0
on,-58.91728603984747,False,59,138,0.0,1.0
charlie,-57.98039215686275,False,58,60,0.0,1.0
are,-57.963588215822575,False,58,85,0.0,1.0
m,-55.83660494138573,False,56,148,0.0,1.0
   ,-54.98039215686274,False,55,109,0.0,1.0
...,-53.95222314277824,False,54,95,0.0,1.0
like,-53.80962930626796,False,54,140,0.0,1.0
n't,-53.542375201974274,False,54,208,0.0,1.0
so,-51.98039215686274,False,52,100,0.0,1.0
just,-50.69026660593621,False,51,86,0.0,1.0
be,-45.86186736958934,False,46,110,0.0,1.0
yellow,-43.0,False,43,43,0.0,1.0
yankees,-42.0,False,42,42,0.0,1.0
lol,-41.97183098591549,False,42,88,0.0,1.0
birds,-40.0,False,40,41,0.0,1.0
all,-38.98039215686275,False,39,105,0.0,1.0
-,-38.95068918656571,False,39,55,0.0,1.0
brownies,-37.98039215686275,False,38,38,0.0,1.0
colored,-37.0,False,37,37,0.0,1.0
monkey,-36.0,False,36,36,0.0,1.0
was,-35.98039215686275,False,36,68,0.0,1.0
with,-34.895859506414595,False,35,84,0.0,1.0
not,-34.86902067010253,False,35,72,0.0,1.0
ghetto,-32.93773812842673,False,33,37,0.0,1.0
do,-32.93408169816621,False,33,125,0.0,1.0
out,-32.83478369102477,False,33,67,0.0,1.0
can,-31.980392156862745,False,32,61,0.0,1.0
at,-28.980392156862745,False,29,59,0.0,1.0
some,-28.0,False,28,54,0.0,1.0
up,-27.897114217587863,False,28,105,0.0,1.0
your,-27.850122873545313,False,28,73,0.0,1.0
have,-26.95397384305835,False,27,41,0.0,1.0
now,-26.88346993369191,False,27,46,0.0,1.0
oreo,-26.0,False,26,26,0.0,1.0
he,-25.941176470588236,False,26,47,0.0,1.0
we,-24.933140509725018,False,25,61,0.0,1.0
got,-23.96078431372549,False,24,97,0.0,1.0
want,-23.94155354449472,False,24,44,0.0,1.0
if,-22.9811320754717,False,23,68,0.0,1.0
8220,-21.971830985915492,False,22,47,0.0,1.0
flappy,-21.0,False,21,21,0.0,1.0
game,-21.0,False,21,29,0.0,1.0
but,-21.0,False,21,50,0.0,1.0
oreos,-20.980392156862745,False,21,21,0.0,1.0
when,-20.980392156862745,False,21,71,0.0,1.0
..,-20.927271926346858,False,21,54,0.0,1.0
or,-20.0,False,20,42,0.0,1.0
man,-19.981818181818184,False,20,29,0.0,1.0
good,-19.952614379084967,False,20,40,0.0,1.0
day,-19.0,False,19,27,0.0,1.0
they,-19.0,False,19,45,0.0,1.0
 ,-18.980392156862745,False,19,25,0.0,1.0
new,-18.0,False,18,24,0.0,1.0
    ,-18.0,False,18,32,0.0,1.0
as,-18.0,False,18,42,0.0,1.0
love,-17.972602739726028,False,18,48,0.0,1.0
what,-17.962848297213622,False,18,47,0.0,1.0
why,-17.96153846153846,False,18,37,0.0,1.0
really,-17.872071783989107,False,18,26,0.0,1.0
redskins,-17.0,False,17,17,0.0,1.0
lmao,-17.0,False,17,31,0.0,1.0
see,-17.0,False,17,26,0.0,1.0
look,-17.0,False,17,36,0.0,1.0
no,-16.96078431372549,False,17,82,0.0,1.0
too,-15.980392156862745,False,16,38,0.0,1.0
about,-15.971830985915492,False,16,36,0.0,1.0
get,-15.947334305623075,False,16,65,0.0,1.0
she,-15.94155354449472,False,16,66,0.0,1.0
how,-15.89915486825494,False,16,40,0.0,1.0
're,-15.883304486206697,False,16,41,0.0,1.0
early,-15.0,False,15,17,0.0,1.0
their,-15.0,False,15,21,0.0,1.0
....,-14.980392156862745,False,15,33,0.0,1.0
better,-14.952600216684722,False,15,24,0.0,1.0
still,-14.941176470588236,False,15,29,0.0,1.0
brown,-14.0,False,14,15,0.0,1.0
da,-14.0,False,14,22,0.0,1.0
yankee,-13.980392156862745,False,14,14,0.0,1.0
one,-13.979166666666666,False,14,30,0.0,1.0
nicca,-13.0,False,13,22,0.0,1.0
brownie,-13.0,False,13,13,0.0,1.0
an,-13.0,False,13,27,0.0,1.0
right,-12.98076923076923,False,13,35,0.0,1.0
gets,-12.980392156862745,False,13,16,0.0,1.0
off,-12.974025974025974,False,13,23,0.0,1.0
from,-12.973684210526315,False,13,21,0.0,1.0
go,-12.971830985915492,False,13,32,0.0,1.0
     ,-12.952223142778237,False,13,16,0.0,1.0
who,-12.952223142778237,False,13,26,0.0,1.0
make,-12.919590643274853,False,13,35,0.0,1.0
put,-12.0,False,12,17,0.0,1.0
has,-12.0,False,12,21,0.0,1.0
gon,-12.0,False,12,32,0.0,1.0
ai,-12.0,False,12,76,0.0,1.0
crackers,-11.980392156862745,False,12,13,0.0,1.0
them,-11.980392156862745,False,12,42,0.0,1.0
u,-11.980392156862745,False,12,40,0.0,1.0
there,-11.98,False,12,24,0.0,1.0
would,-11.952994896588773,False,12,19,0.0,1.0
cream,-11.0,False,11,11,0.0,1.0
god,-11.0,False,11,15,0.0,1.0
today,-11.0,False,11,16,0.0,1.0
na,-11.0,False,11,24,0.0,1.0
night,-10.980392156862745,False,11,15,0.0,1.0
tho,-10.980392156862745,False,11,17,0.0,1.0
know,-10.98,False,11,41,0.0,1.0
his,-10.961524232334444,False,11,20,0.0,1.0
back,-10.932615299640982,False,11,23,0.0,1.0
sheen,-10.0,False,10,10,0.0,1.0
been,-10.0,False,10,19,0.0,1.0
even,-10.0,False,10,18,0.0,1.0
did,-10.0,False,10,27,0.0,1.0
ice,-10.0,False,10,11,0.0,1.0
than,-10.0,False,10,23,0.0,1.0
ca,-10.0,False,10,38,0.0,1.0
never,-9.98076923076923,False,10,24,0.0,1.0
will,-9.980392156862745,False,10,25,0.0,1.0
say,-9.980392156862745,False,10,21,0.0,1.0
by,-9.980392156862745,False,10,19,0.0,1.0
had,-9.98,False,10,25,0.0,1.0
these,-9.971830985915492,False,10,103,0.0,1.0
made,-9.96078431372549,False,10,14,0.0,1.0
think,-9.944272880404267,False,10,22,0.0,1.0
'll,-9.941176470588236,False,10,21,0.0,1.0
bone,-9.0,False,9,10,0.0,1.0
music,-9.0,False,9,10,0.0,1.0
via,-9.0,False,9,9,0.0,1.0
*,-9.0,False,9,23,0.0,1.0
big,-9.0,False,9,20,0.0,1.0
people,-9.0,False,9,12,0.0,1.0
only,-9.0,False,9,23,0.0,1.0
its,-9.0,False,9,21,0.0,1.0
amp,-9.0,False,9,20,0.0,1.0
s,-9.0,False,9,16,0.0,1.0
looks,-8.982456140350877,False,9,10,0.0,1.0
ve,-8.98181818181818,False,9,13,0.0,1.0
take,-8.981481481481481,False,9,14,0.0,1.0
let,-8.981481481481481,False,9,16,0.0,1.0
y,-8.981132075471699,False,9,28,0.0,1.0
those,-8.980392156862745,False,9,12,0.0,1.0
someone,-8.961524232334444,False,9,13,0.0,1.0
again,-8.952223142778237,False,9,13,0.0,1.0
feel,-8.931389809444905,False,9,17,0.0,1.0
worm,-8.0,False,8,8,0.0,1.0
jig,-8.0,False,8,8,0.0,1.0
baby,-8.0,False,8,13,0.0,1.0
beat,-8.0,False,8,18,0.0,1.0
does,-8.0,False,8,12,0.0,1.0
into,-8.0,False,8,14,0.0,1.0
where,-8.0,False,8,23,0.0,1.0
being,-8.0,False,8,18,0.0,1.0
/,-8.0,False,8,11,0.0,1.0
then,-8.0,False,8,28,0.0,1.0
bad,-8.0,False,8,42,0.0,1.0
more,-8.0,False,8,20,0.0,1.0
over,-8.0,False,8,19,0.0,1.0
128514,-8.0,False,8,23,0.0,1.0
8221,-8.0,False,8,13,0.0,1.0
eat,-8.0,False,8,19,0.0,1.0
3,-8.0,False,8,15,0.0,1.0
ho,-8.0,False,8,8,0.0,1.0
),-7.980392156862745,False,8,10,0.0,1.0
need,-7.980392156862745,False,8,24,0.0,1.0
time,-7.980392156862745,False,8,16,0.0,1.0
bout,-7.980392156862745,False,8,23,0.0,1.0
nt,-7.980392156862745,False,8,37,0.0,1.0
thank,-7.974683544303797,False,8,9,0.0,1.0
redneck,-7.971830985915493,False,8,10,0.0,1.0
much,-7.971830985915493,False,8,13,0.0,1.0
little,-7.96078431372549,False,8,26,0.0,1.0
planet,-7.0,False,7,8,0.0,1.0
apes,-7.0,False,7,7,0.0,1.0
shy,-7.0,False,7,7,0.0,1.0
thanks,-7.0,False,7,13,0.0,1.0
sole,-7.0,False,7,7,0.0,1.0
find,-7.0,False,7,11,0.0,1.0
last,-7.0,False,7,10,0.0,1.0
dat,-7.0,False,7,19,0.0,1.0
oh,-7.0,False,7,14,0.0,1.0
try,-7.0,False,7,12,0.0,1.0
call,-7.0,False,7,15,0.0,1.0
ur,-7.0,False,7,17,0.0,1.0
am,-7.0,False,7,16,0.0,1.0
cute,-6.982142857142857,False,7,8,0.0,1.0
song,-6.980392156862745,False,7,8,0.0,1.0
great,-6.980392156862745,False,7,7,0.0,1.0
free,-6.980392156862745,False,7,11,0.0,1.0
though,-6.980392156862745,False,7,9,0.0,1.0
should,-6.972222222222222,False,7,11,0.0,1.0
thing,-6.962535014005603,False,7,15,0.0,1.0
talking,-6.961873638344227,False,7,9,0.0,1.0
retarded,-6.8378888691353765,False,7,19,0.0,1.0
crows,-6.0,False,6,6,0.0,1.0
fried,-6.0,False,6,6,0.0,1.0
vs,-6.0,False,6,7,0.0,1.0
zebra,-6.0,False,6,7,0.0,1.0
uncle,-6.0,False,6,7,0.0,1.0
nah,-6.0,False,6,11,0.0,1.0
happy,-6.0,False,6,12,0.0,1.0
tonight,-6.0,False,6,12,0.0,1.0
may,-6.0,False,6,6,0.0,1.0
twitter,-6.0,False,6,14,0.0,1.0
fan,-6.0,False,6,6,0.0,1.0
year,-6.0,False,6,10,0.0,1.0
mock,-6.0,False,6,6,0.0,1.0
jihadi,-6.0,False,6,6,0.0,1.0
watch,-6.0,False,6,10,0.0,1.0
him,-6.0,False,6,13,0.0,1.0
play,-6.0,False,6,17,0.0,1.0
win,-6.0,False,6,7,0.0,1.0
here,-6.0,False,6,15,0.0,1.0
might,-5.981481481481481,False,6,8,0.0,1.0
such,-5.980392156862745,False,6,23,0.0,1.0
were,-5.980392156862745,False,6,9,0.0,1.0
stop,-5.980392156862745,False,6,18,0.0,1.0
makes,-5.979166666666666,False,6,6,0.0,1.0
same,-5.979166666666666,False,6,9,0.0,1.0
throw,-5.971830985915493,False,6,7,0.0,1.0
white,-5.971830985915493,False,6,10,0.0,1.0
wanna,-5.962848297213622,False,6,18,0.0,1.0
hillbilly,-5.96078431372549,False,6,6,0.0,1.0
told,-5.959558823529411,False,6,10,0.0,1.0
boy,-5.947783461210571,False,6,12,0.0,1.0
damn,-5.932615299640983,False,6,19,0.0,1.0
shiner,-5.0,False,5,5,0.0,1.0
rejectedpeanutsspecials,-5.0,False,5,5,0.0,1.0
houston,-5.0,False,5,5,0.0,1.0
guinea,-5.0,False,5,5,0.0,1.0
feather,-5.0,False,5,5,0.0,1.0
nips,-5.0,False,5,5,0.0,1.0
chicken,-5.0,False,5,5,0.0,1.0
jay,-5.0,False,5,5,0.0,1.0
fairy,-5.0,False,5,5,0.0,1.0
eyes,-5.0,False,5,6,0.0,1.0
yanks,-5.0,False,5,5,0.0,1.0
wearing,-5.0,False,5,7,0.0,1.0
fly,-5.0,False,5,9,0.0,1.0
clam,-5.0,False,5,5,0.0,1.0
movie,-5.0,False,5,7,0.0,1.0
cake,-5.0,False,5,5,0.0,1.0
season,-5.0,False,5,5,0.0,1.0
cans,-5.0,False,5,5,0.0,1.0
hahaha,-5.0,False,5,9,0.0,1.0
jihadis,-5.0,False,5,5,0.0,1.0
making,-5.0,False,5,8,0.0,1.0
obama,-5.0,False,5,5,0.0,1.0
jeter,-5.0,False,5,5,0.0,1.0
another,-5.0,False,5,9,0.0,1.0
thought,-5.0,False,5,8,0.0,1.0
smh,-5.0,False,5,14,0.0,1.0
friends,-5.0,False,5,6,0.0,1.0
team,-5.0,False,5,7,0.0,1.0
word,-5.0,False,5,7,0.0,1.0
away,-5.0,False,5,10,0.0,1.0
eating,-5.0,False,5,10,0.0,1.0
.....,-5.0,False,5,11,0.0,1.0
life,-5.0,False,5,18,0.0,1.0
because,-5.0,False,5,12,0.0,1.0
well,-5.0,False,5,13,0.0,1.0
ball,-5.0,False,5,7,0.0,1.0
work,-5.0,False,5,10,0.0,1.0
old,-5.0,False,5,7,0.0,1.0
any,-5.0,False,5,6,0.0,1.0
red,-5.0,False,5,7,0.0,1.0
z,-5.0,False,5,5,0.0,1.0
ok,-5.0,False,5,8,0.0,1.0
nig,-5.0,False,5,8,0.0,1.0
4,-5.0,False,5,9,0.0,1.0
ta,-5.0,False,5,17,0.0,1.0
hat,-5.0,False,5,5,0.0,1.0
taking,-4.981481481481482,False,5,6,0.0,1.0
down,-4.981481481481482,False,5,17,0.0,1.0
hope,-4.980769230769231,False,5,10,0.0,1.0
fuzzy,-4.980392156862745,False,5,5,0.0,1.0
watching,-4.980392156862745,False,5,6,0.0,1.0
kill,-4.980392156862745,False,5,9,0.0,1.0
bro,-4.980392156862745,False,5,9,0.0,1.0
slit,-4.972602739726027,False,5,6,0.0,1.0
girl,-4.97029702970297,False,5,13,0.0,1.0
nip,-4.947334305623076,False,5,5,0.0,1.0
getting,-4.936823992133727,False,5,11,0.0,1.0
cheesecake,-4.0,False,4,4,0.0,1.0
gator,-4.0,False,4,4,0.0,1.0
cowboys,-4.0,False,4,4,0.0,1.0
negros,-4.0,False,4,4,0.0,1.0
supporters,-4.0,False,4,4,0.0,1.0
chaplin,-4.0,False,4,4,0.0,1.0
tale,-4.0,False,4,4,0.0,1.0
adorable,-4.0,False,4,4,0.0,1.0
share,-4.0,False,4,4,0.0,1.0
whatever,-4.0,False,4,4,0.0,1.0
128523,-4.0,False,4,4,0.0,1.0
milk,-4.0,False,4,4,0.0,1.0
mickey,-4.0,False,4,4,0.0,1.0
pollo,-4.0,False,4,4,0.0,1.0
cookies,-4.0,False,4,4,0.0,1.0
tranny,-4.0,False,4,4,0.0,1.0
finally,-4.0,False,4,5,0.0,1.0
lakers,-4.0,False,4,5,0.0,1.0
cripple,-4.0,False,4,4,0.0,1.0
idk,-4.0,False,4,5,0.0,1.0
soon,-4.0,False,4,4,0.0,1.0
coon,-4.0,False,4,5,0.0,1.0
chug,-4.0,False,4,4,0.0,1.0
door,-4.0,False,4,4,0.0,1.0
:),-4.0,False,4,5,0.0,1.0
found,-4.0,False,4,4,0.0,1.0
teabaggers,-4.0,False,4,4,0.0,1.0
meet,-4.0,False,4,7,0.0,1.0
since,-4.0,False,4,7,0.0,1.0
date,-4.0,False,4,4,0.0,1.0
blue,-4.0,False,4,4,0.0,1.0
trying,-4.0,False,4,9,0.0,1.0
fast,-4.0,False,4,5,0.0,1.0
isis,-4.0,False,4,4,0.0,1.0
party,-4.0,False,4,5,0.0,1.0
pick,-4.0,False,4,5,0.0,1.0
crow,-4.0,False,4,4,0.0,1.0
playing,-4.0,False,4,4,0.0,1.0
open,-4.0,False,4,4,0.0,1.0
buy,-4.0,False,4,7,0.0,1.0
next,-4.0,False,4,7,0.0,1.0
far,-4.0,False,4,6,0.0,1.0
please,-4.0,False,4,8,0.0,1.0
school,-4.0,False,4,7,0.0,1.0
miss,-4.0,False,4,9,0.0,1.0
lil,-4.0,False,4,15,0.0,1.0
walk,-4.0,False,4,5,0.0,1.0
around,-4.0,False,4,10,0.0,1.0
world,-4.0,False,4,7,0.0,1.0
hun,-4.0,False,4,4,0.0,1.0
128553,-4.0,False,4,7,0.0,1.0
live,-4.0,False,4,8,0.0,1.0
mean,-4.0,False,4,8,0.0,1.0
home,-4.0,False,4,9,0.0,1.0
haha,-4.0,False,4,10,0.0,1.0
could,-4.0,False,4,11,0.0,1.0
lot,-4.0,False,4,5,0.0,1.0
run,-4.0,False,4,11,0.0,1.0
(,-4.0,False,4,6,0.0,1.0
tell,-4.0,False,4,17,0.0,1.0
128514;&#128514;&#128514,-4.0,False,4,8,0.0,1.0
come,-4.0,False,4,17,0.0,1.0
128514;&#128514,-4.0,False,4,4,0.0,1.0
other,-4.0,False,4,10,0.0,1.0
ling,-4.0,False,4,4,0.0,1.0
af,-4.0,False,4,4,0.0,1.0
way,-4.0,False,4,10,0.0,1.0
hit,-4.0,False,4,11,0.0,1.0
fo,-4.0,False,4,5,0.0,1.0
0,-4.0,False,4,6,0.0,1.0
yo,-4.0,False,4,39,0.0,1.0
8,-4.0,False,4,6,0.0,1.0
2,-4.0,False,4,14,0.0,1.0
b,-4.0,False,4,9,0.0,1.0
n,-4.0,False,4,15,0.0,1.0
pig,-3.980769230769231,False,4,4,0.0,1.0
spook,-3.980392156862745,False,4,4,0.0,1.0
wow,-3.980392156862745,False,4,7,0.0,1.0
face,-3.980392156862745,False,4,7,0.0,1.0
long,-3.980392156862745,False,4,8,0.0,1.0
always,-3.980392156862745,False,4,13,0.0,1.0
black,-3.980392156862745,False,4,8,0.0,1.0
every,-3.980392156862745,False,4,15,0.0,1.0
wo,-3.980392156862745,False,4,6,0.0,1.0
us,-3.980392156862745,False,4,9,0.0,1.0
ever,-3.9791666666666665,False,4,9,0.0,1.0
her,-3.971830985915493,False,4,37,0.0,1.0
use,-3.9702970297029703,False,4,8,0.0,1.0
sorry,-3.9618736383442266,False,4,8,0.0,1.0
real,-3.9607843137254903,False,4,21,0.0,1.0
okay,-3.95906432748538,False,4,5,0.0,1.0
phone,-3.9506891865657154,False,4,8,0.0,1.0
blah,-3.0,False,3,3,0.0,1.0
bike,-3.0,False,3,3,0.0,1.0
firecashman,-3.0,False,3,3,0.0,1.0
catches,-3.0,False,3,3,0.0,1.0
glizzy,-3.0,False,3,3,0.0,1.0
wears,-3.0,False,3,3,0.0,1.0
stuffed,-3.0,False,3,3,0.0,1.0
hoser,-3.0,False,3,3,0.0,1.0
jk,-3.0,False,3,3,0.0,1.0
pom,-3.0,False,3,4,0.0,1.0
beaner,-3.0,False,3,3,0.0,1.0
eggplant,-3.0,False,3,3,0.0,1.0
leprechaun,-3.0,False,3,3,0.0,1.0
astros,-3.0,False,3,3,0.0,1.0
mook,-3.0,False,3,3,0.0,1.0
hillary,-3.0,False,3,3,0.0,1.0
arrested,-3.0,False,3,4,0.0,1.0
likes,-3.0,False,3,3,0.0,1.0
gook,-3.0,False,3,3,0.0,1.0
nope,-3.0,False,3,6,0.0,1.0
8594,-3.0,False,3,3,0.0,1.0
legs,-3.0,False,3,3,0.0,1.0
zebras,-3.0,False,3,3,0.0,1.0
whitey,-3.0,False,3,3,0.0,1.0
albino,-3.0,False,3,3,0.0,1.0
liked,-3.0,False,3,3,0.0,1.0
slopes,-3.0,False,3,3,0.0,1.0
dyke,-3.0,False,3,4,0.0,1.0
bread,-3.0,False,3,4,0.0,1.0
clams,-3.0,False,3,3,0.0,1.0
btw,-3.0,False,3,3,0.0,1.0
amos,-3.0,False,3,3,0.0,1.0
wop,-3.0,False,3,3,0.0,1.0
earth,-3.0,False,3,3,0.0,1.0
candy,-3.0,False,3,4,0.0,1.0
players,-3.0,False,3,3,0.0,1.0
paper,-3.0,False,3,4,0.0,1.0
baseball,-3.0,False,3,3,0.0,1.0
soles,-3.0,False,3,3,0.0,1.0
dare,-3.0,False,3,4,0.0,1.0
wins,-3.0,False,3,4,0.0,1.0
loves,-3.0,False,3,3,0.0,1.0
hats,-3.0,False,3,4,0.0,1.0
nudes,-3.0,False,3,4,0.0,1.0
fish,-3.0,False,3,4,0.0,1.0
animal,-3.0,False,3,4,0.0,1.0
york,-3.0,False,3,3,0.0,1.0
sweet,-3.0,False,3,3,0.0,1.0
cheese,-3.0,False,3,4,0.0,1.0
mocks,-3.0,False,3,3,0.0,1.0
omg,-3.0,False,3,6,0.0,1.0
deep,-3.0,False,3,4,0.0,1.0
rise,-3.0,False,3,3,0.0,1.0
mlb,-3.0,False,3,3,0.0,1.0
outside,-3.0,False,3,4,0.0,1.0
whole,-3.0,False,3,3,0.0,1.0
stuff,-3.0,False,3,3,0.0,1.0
cookie,-3.0,False,3,3,0.0,1.0
myself,-3.0,False,3,7,0.0,1.0
boys,-3.0,False,3,5,0.0,1.0
mt,-3.0,False,3,3,0.0,1.0
straight,-3.0,False,3,3,0.0,1.0
folk,-3.0,False,3,3,0.0,1.0
derek,-3.0,False,3,3,0.0,1.0
chill,-3.0,False,3,4,0.0,1.0
together,-3.0,False,3,3,0.0,1.0
full,-3.0,False,3,6,0.0,1.0
state,-3.0,False,3,4,0.0,1.0
goes,-3.0,False,3,3,0.0,1.0
saw,-3.0,False,3,4,0.0,1.0
dead,-3.0,False,3,8,0.0,1.0
perfect,-3.0,False,3,3,0.0,1.0
true,-3.0,False,3,7,0.0,1.0
lmfao,-3.0,False,3,4,0.0,1.0
mother,-3.0,False,3,5,0.0,1.0
pass,-3.0,False,3,6,0.0,1.0
seen,-3.0,False,3,6,0.0,1.0
race,-3.0,False,3,3,0.0,1.0
went,-3.0,False,3,7,0.0,1.0
video,-3.0,False,3,3,0.0,1.0
must,-3.0,False,3,6,0.0,1.0
pretty,-3.0,False,3,7,0.0,1.0
looking,-3.0,False,3,8,0.0,1.0
done,-3.0,False,3,6,0.0,1.0
@,-3.0,False,3,7,0.0,1.0
gone,-3.0,False,3,7,0.0,1.0
house,-3.0,False,3,7,0.0,1.0
america,-3.0,False,3,4,0.0,1.0
called,-3.0,False,3,3,0.0,1.0
teabagger,-3.0,False,3,3,0.0,1.0
eh,-3.0,False,3,3,0.0,1.0
light,-3.0,False,3,5,0.0,1.0
128530,-3.0,False,3,8,0.0,1.0
first,-3.0,False,3,8,0.0,1.0
cracker,-3.0,False,3,4,0.0,1.0
most,-3.0,False,3,6,0.0,1.0
wait,-3.0,False,3,5,0.0,1.0
best,-3.0,False,3,6,0.0,1.0
after,-3.0,False,3,4,0.0,1.0
said,-3.0,False,3,18,0.0,1.0
going,-3.0,False,3,6,0.0,1.0
give,-3.0,False,3,13,0.0,1.0
ned,-3.0,False,3,3,0.0,1.0
side,-3.0,False,3,10,0.0,1.0
talk,-3.0,False,3,13,0.0,1.0
car,-3.0,False,3,6,0.0,1.0
6,-3.0,False,3,6,0.0,1.0
king,-3.0,False,3,3,0.0,1.0
ate,-3.0,False,3,3,0.0,1.0
ya,-3.0,False,3,32,0.0,1.0
our,-3.0,False,3,4,0.0,1.0
ill,-3.0,False,3,7,0.0,1.0
30,-3.0,False,3,3,0.0,1.0
ike,-3.0,False,3,3,0.0,1.0
5,-3.0,False,3,8,0.0,1.0
hi,-3.0,False,3,4,0.0,1.0
o,-3.0,False,3,5,0.0,1.0
heard,-2.982456140350877,False,3,5,0.0,1.0
start,-2.982142857142857,False,3,8,0.0,1.0
wasted,-2.981132075471698,False,3,3,0.0,1.0
honky,-2.980392156862745,False,3,3,0.0,1.0
hates,-2.980392156862745,False,3,3,0.0,1.0
walking,-2.980392156862745,False,3,6,0.0,1.0
almost,-2.980392156862745,False,3,5,0.0,1.0
nap,-2.980392156862745,False,3,3,0.0,1.0
else,-2.980392156862745,False,3,5,0.0,1.0
club,-2.980392156862745,False,3,5,0.0,1.0
tom,-2.980392156862745,False,3,3,0.0,1.0
yeah,-2.980392156862745,False,3,14,0.0,1.0
ape,-2.980392156862745,False,3,3,0.0,1.0
wacko,-2.971830985915493,False,3,3,0.0,1.0
person,-2.971830985915493,False,3,5,0.0,1.0
proud,-2.9702970297029703,False,3,3,0.0,1.0
nobody,-2.9702970297029703,False,3,4,0.0,1.0
hey,-2.9669421487603307,False,3,4,0.0,1.0
guys,-2.9574468085106385,False,3,6,0.0,1.0
hear,-2.956896551724138,False,3,5,0.0,1.0
'd,-2.952600216684724,False,3,6,0.0,1.0
weird,-2.952223142778238,False,3,4,0.0,1.0
forever,-2.9387731346758237,False,3,5,0.0,1.0
retard,-2.906667022710662,False,3,5,0.0,1.0
helloween,-2.0,False,2,2,0.0,1.0
cliff,-2.0,False,2,2,0.0,1.0
bunga,-2.0,False,2,2,0.0,1.0
alfredo,-2.0,False,2,2,0.0,1.0
functioning,-2.0,False,2,2,0.0,1.0
celestial,-2.0,False,2,2,0.0,1.0
worldcup2014,-2.0,False,2,2,0.0,1.0
bengals,-2.0,False,2,2,0.0,1.0
pricklypear,-2.0,False,2,2,0.0,1.0
janet,-2.0,False,2,2,0.0,1.0
uncletweet,-2.0,False,2,2,0.0,1.0
bubbles,-2.0,False,2,2,0.0,1.0
compliments,-2.0,False,2,2,0.0,1.0
taxes,-2.0,False,2,2,0.0,1.0
fudge,-2.0,False,2,2,0.0,1.0
overpriced,-2.0,False,2,2,0.0,1.0
preview,-2.0,False,2,2,0.0,1.0
yardies,-2.0,False,2,2,0.0,1.0
evening,-2.0,False,2,2,0.0,1.0
skippy,-2.0,False,2,2,0.0,1.0
scarlett,-2.0,False,2,2,0.0,1.0
johansson,-2.0,False,2,2,0.0,1.0
lyfe,-2.0,False,2,2,0.0,1.0
hammer,-2.0,False,2,2,0.0,1.0
farm,-2.0,False,2,2,0.0,1.0
kendrick,-2.0,False,2,2,0.0,1.0
upton,-2.0,False,2,2,0.0,1.0
austin,-2.0,False,2,2,0.0,1.0
uniteblue,-2.0,False,2,2,0.0,1.0
bites,-2.0,False,2,2,0.0,1.0
emoji,-2.0,False,2,2,0.0,1.0
ruined,-2.0,False,2,2,0.0,1.0
cage,-2.0,False,2,2,0.0,1.0
mcdonald,-2.0,False,2,2,0.0,1.0
blaxican,-2.0,False,2,2,0.0,1.0
craving,-2.0,False,2,2,0.0,1.0
clap,-2.0,False,2,2,0.0,1.0
8216;dodo,-2.0,False,2,2,0.0,1.0
bird&#8217,-2.0,False,2,2,0.0,1.0
needed,-2.0,False,2,2,0.0,1.0
drivers,-2.0,False,2,2,0.0,1.0
bait,-2.0,False,2,2,0.0,1.0
mouse,-2.0,False,2,2,0.0,1.0
shopping,-2.0,False,2,3,0.0,1.0
pair,-2.0,False,2,2,0.0,1.0
hillbillies,-2.0,False,2,2,0.0,1.0
generation,-2.0,False,2,2,0.0,1.0
luv,-2.0,False,2,2,0.0,1.0
clips,-2.0,False,2,2,0.0,1.0
nature,-2.0,False,2,3,0.0,1.0
battle,-2.0,False,2,2,0.0,1.0
print,-2.0,False,2,2,0.0,1.0
yung,-2.0,False,2,2,0.0,1.0
links,-2.0,False,2,2,0.0,1.0
jordan,-2.0,False,2,3,0.0,1.0
keys,-2.0,False,2,2,0.0,1.0
trending,-2.0,False,2,2,0.0,1.0
flock,-2.0,False,2,2,0.0,1.0
ordered,-2.0,False,2,2,0.0,1.0
currently,-2.0,False,2,3,0.0,1.0
fantasy,-2.0,False,2,3,0.0,1.0
socks,-2.0,False,2,2,0.0,1.0
random,-2.0,False,2,2,0.0,1.0
butter,-2.0,False,2,2,0.0,1.0
heaven,-2.0,False,2,3,0.0,1.0
trash&#8221,-2.0,False,2,2,0.0,1.0
teixeira,-2.0,False,2,2,0.0,1.0
whoa,-2.0,False,2,2,0.0,1.0
iggy,-2.0,False,2,3,0.0,1.0
lux,-2.0,False,2,2,0.0,1.0
rivers,-2.0,False,2,2,0.0,1.0
noticed,-2.0,False,2,2,0.0,1.0
adult,-2.0,False,2,2,0.0,1.0
defense,-2.0,False,2,2,0.0,1.0
fellow,-2.0,False,2,2,0.0,1.0
nog,-2.0,False,2,2,0.0,1.0
candidate,-2.0,False,2,2,0.0,1.0
lines,-2.0,False,2,2,0.0,1.0
betta,-2.0,False,2,3,0.0,1.0
128517,-2.0,False,2,3,0.0,1.0
sang,-2.0,False,2,3,0.0,1.0
twice,-2.0,False,2,3,0.0,1.0
legend,-2.0,False,2,2,0.0,1.0
jigga,-2.0,False,2,2,0.0,1.0
128533,-2.0,False,2,3,0.0,1.0
:(,-2.0,False,2,2,0.0,1.0
prime,-2.0,False,2,2,0.0,1.0
dykes,-2.0,False,2,5,0.0,1.0
tbt,-2.0,False,2,2,0.0,1.0
rappers,-2.0,False,2,2,0.0,1.0
thursday,-2.0,False,2,2,0.0,1.0
johnny,-2.0,False,2,2,0.0,1.0
training,-2.0,False,2,2,0.0,1.0
glasses,-2.0,False,2,3,0.0,1.0
sunday,-2.0,False,2,2,0.0,1.0
message,-2.0,False,2,2,0.0,1.0
math,-2.0,False,2,3,0.0,1.0
ctfu,-2.0,False,2,2,0.0,1.0
crust,-2.0,False,2,3,0.0,1.0
pure,-2.0,False,2,2,0.0,1.0
drake,-2.0,False,2,4,0.0,1.0
swag,-2.0,False,2,2,0.0,1.0
babies,-2.0,False,2,4,0.0,1.0
graham,-2.0,False,2,3,0.0,1.0
drinking,-2.0,False,2,4,0.0,1.0
secret,-2.0,False,2,3,0.0,1.0
fags,-2.0,False,2,3,0.0,1.0
amazing,-2.0,False,2,2,0.0,1.0
case,-2.0,False,2,2,0.0,1.0
gift,-2.0,False,2,2,0.0,1.0
dawn,-2.0,False,2,2,0.0,1.0
snow,-2.0,False,2,2,0.0,1.0
gym,-2.0,False,2,3,0.0,1.0
chunky,-2.0,False,2,2,0.0,1.0
country,-2.0,False,2,2,0.0,1.0
giants,-2.0,False,2,2,0.0,1.0
bank,-2.0,False,2,2,0.0,1.0
oriental,-2.0,False,2,2,0.0,1.0
oak,-2.0,False,2,2,0.0,1.0
halloween,-2.0,False,2,2,0.0,1.0
christmas,-2.0,False,2,4,0.0,1.0
started,-2.0,False,2,2,0.0,1.0
double,-2.0,False,2,4,0.0,1.0
np,-2.0,False,2,2,0.0,1.0
apparently,-2.0,False,2,3,0.0,1.0
angry,-2.0,False,2,2,0.0,1.0
mama,-2.0,False,2,4,0.0,1.0
four,-2.0,False,2,2,0.0,1.0
bust,-2.0,False,2,2,0.0,1.0
breaking,-2.0,False,2,3,0.0,1.0
cats,-2.0,False,2,6,0.0,1.0
warm,-2.0,False,2,5,0.0,1.0
huh,-2.0,False,2,3,0.0,1.0
bars,-2.0,False,2,3,0.0,1.0
heads,-2.0,False,2,3,0.0,1.0
hella,-2.0,False,2,4,0.0,1.0
gots,-2.0,False,2,2,0.0,1.0
death,-2.0,False,2,2,0.0,1.0
beanies,-2.0,False,2,2,0.0,1.0
smart,-2.0,False,2,4,0.0,1.0
middle,-2.0,False,2,2,0.0,1.0
bear,-2.0,False,2,2,0.0,1.0
peanut,-2.0,False,2,2,0.0,1.0
lets,-2.0,False,2,4,0.0,1.0
feet,-2.0,False,2,3,0.0,1.0
sounds,-2.0,False,2,4,0.0,1.0
brain,-2.0,False,2,3,0.0,1.0
tori,-2.0,False,2,2,0.0,1.0
behind,-2.0,False,2,3,0.0,1.0
doll,-2.0,False,2,2,0.0,1.0
field,-2.0,False,2,2,0.0,1.0
except,-2.0,False,2,2,0.0,1.0
negro,-2.0,False,2,2,0.0,1.0
instead,-2.0,False,2,3,0.0,1.0
lights,-2.0,False,2,2,0.0,1.0
games,-2.0,False,2,2,0.0,1.0
dawg,-2.0,False,2,4,0.0,1.0
chocolate,-2.0,False,2,3,0.0,1.0
coffee,-2.0,False,2,2,0.0,1.0
wink,-2.0,False,2,2,0.0,1.0
worst,-2.0,False,2,3,0.0,1.0
beer,-2.0,False,2,3,0.0,1.0
series,-2.0,False,2,2,0.0,1.0
females,-2.0,False,2,3,0.0,1.0
128557;&#128557;&#128557,-2.0,False,2,2,0.0,1.0
sports,-2.0,False,2,3,0.0,1.0
slant,-2.0,False,2,2,0.0,1.0
sick,-2.0,False,2,6,0.0,1.0
gold,-2.0,False,2,4,0.0,1.0
city,-2.0,False,2,2,0.0,1.0
running,-2.0,False,2,2,0.0,1.0
enjoy,-2.0,False,2,2,0.0,1.0
unit,-2.0,False,2,2,0.0,1.0
summer,-2.0,False,2,3,0.0,1.0
shirt,-2.0,False,2,3,0.0,1.0
iphone,-2.0,False,2,2,0.0,1.0
couple,-2.0,False,2,4,0.0,1.0
anymore,-2.0,False,2,4,0.0,1.0
hands,-2.0,False,2,6,0.0,1.0
help,-2.0,False,2,3,0.0,1.0
voice,-2.0,False,2,4,0.0,1.0
kick,-2.0,False,2,2,0.0,1.0
tend,-2.0,False,2,2,0.0,1.0
eats,-2.0,False,2,2,0.0,1.0
dress,-2.0,False,2,5,0.0,1.0
lady,-2.0,False,2,4,0.0,1.0
beautiful,-2.0,False,2,5,0.0,1.0
strong,-2.0,False,2,3,0.0,1.0
birthday,-2.0,False,2,7,0.0,1.0
inside,-2.0,False,2,7,0.0,1.0
annoying,-2.0,False,2,5,0.0,1.0
view,-2.0,False,2,2,0.0,1.0
cold,-2.0,False,2,3,0.0,1.0
128563,-2.0,False,2,2,0.0,1.0
butt,-2.0,False,2,3,0.0,1.0
drunk,-2.0,False,2,4,0.0,1.0
bae,-2.0,False,2,6,0.0,1.0
baker,-2.0,False,2,2,0.0,1.0
level,-2.0,False,2,3,0.0,1.0
box,-2.0,False,2,2,0.0,1.0
second,-2.0,False,2,3,0.0,1.0
lost,-2.0,False,2,2,0.0,1.0
fall,-2.0,False,2,3,0.0,1.0
band,-2.0,False,2,2,0.0,1.0
mr,-2.0,False,2,2,0.0,1.0
drive,-2.0,False,2,3,0.0,1.0
hood,-2.0,False,2,2,0.0,1.0
|,-2.0,False,2,2,0.0,1.0
40,-2.0,False,2,2,0.0,1.0
card,-2.0,False,2,3,0.0,1.0
128076,-2.0,False,2,4,0.0,1.0
everybody,-2.0,False,2,8,0.0,1.0
green,-2.0,False,2,2,0.0,1.0
angel,-2.0,False,2,3,0.0,1.0
super,-2.0,False,2,2,0.0,1.0
drop,-2.0,False,2,8,0.0,1.0
actually,-2.0,False,2,2,0.0,1.0
moke,-2.0,False,2,2,0.0,1.0
maybe,-2.0,False,2,2,0.0,1.0
things,-2.0,False,2,2,0.0,1.0
both,-2.0,False,2,5,0.0,1.0
egg,-2.0,False,2,2,0.0,1.0
law,-2.0,False,2,2,0.0,1.0
photo,-2.0,False,2,4,0.0,1.0
move,-2.0,False,2,3,0.0,1.0
check,-2.0,False,2,3,0.0,1.0
rice,-2.0,False,2,2,0.0,1.0
park,-2.0,False,2,3,0.0,1.0
crist,-2.0,False,2,2,0.0,1.0
remember,-2.0,False,2,5,0.0,1.0
actual,-2.0,False,2,2,0.0,1.0
tweets,-2.0,False,2,3,0.0,1.0
pet,-2.0,False,2,2,0.0,1.0
serious,-2.0,False,2,3,0.0,1.0
john,-2.0,False,2,2,0.0,1.0
special,-2.0,False,2,2,0.0,1.0
guess,-2.0,False,2,4,0.0,1.0
saying,-2.0,False,2,2,0.0,1.0
chris,-2.0,False,2,4,0.0,1.0
bruh,-2.0,False,2,6,0.0,1.0
doo,-2.0,False,2,2,0.0,1.0
change,-2.0,False,2,7,0.0,1.0
list,-2.0,False,2,3,0.0,1.0
dog,-2.0,False,2,6,0.0,1.0
probably,-2.0,False,2,6,0.0,1.0
yet,-2.0,False,2,5,0.0,1.0
also,-2.0,False,2,3,0.0,1.0
land,-2.0,False,2,2,0.0,1.0
kids,-2.0,False,2,2,0.0,1.0
shut,-2.0,False,2,15,0.0,1.0
pop,-2.0,False,2,6,0.0,1.0
tryna,-2.0,False,2,7,0.0,1.0
text,-2.0,False,2,6,0.0,1.0
soo,-2.0,False,2,3,0.0,1.0
many,-2.0,False,2,7,0.0,1.0
days,-2.0,False,2,5,0.0,1.0
morning,-2.0,False,2,3,0.0,1.0
lmaoo,-2.0,False,2,2,0.0,1.0
pot,-2.0,False,2,2,0.0,1.0
hair,-2.0,False,2,4,0.0,1.0
women,-2.0,False,2,5,0.0,1.0
line,-2.0,False,2,4,0.0,1.0
doing,-2.0,False,2,5,0.0,1.0
wish,-2.0,False,2,8,0.0,1.0
128525,-2.0,False,2,2,0.0,1.0
dude,-2.0,False,2,6,0.0,1.0
ready,-2.0,False,2,3,0.0,1.0
ones,-2.0,False,2,2,0.0,1.0
cuz,-2.0,False,2,9,0.0,1.0
point,-2.0,False,2,6,0.0,1.0
dm,-2.0,False,2,2,0.0,1.0
used,-2.0,False,2,5,0.0,1.0
def,-2.0,False,2,2,0.0,1.0
ugly,-2.0,False,2,15,0.0,1.0
add,-2.0,False,2,3,0.0,1.0
lookin,-2.0,False,2,5,0.0,1.0
hard,-2.0,False,2,6,0.0,1.0
once,-2.0,False,2,2,0.0,1.0
stand,-2.0,False,2,5,0.0,1.0
sec,-2.0,False,2,2,0.0,1.0
mom,-2.0,False,2,2,0.0,1.0
heat,-2.0,False,2,2,0.0,1.0
week,-2.0,False,2,3,0.0,1.0
keep,-2.0,False,2,12,0.0,1.0
two,-2.0,False,2,6,0.0,1.0
rap,-2.0,False,2,3,0.0,1.0
girls,-2.0,False,2,9,0.0,1.0
guy,-2.0,False,2,2,0.0,1.0
y',-2.0,False,2,5,0.0,1.0
den,-2.0,False,2,4,0.0,1.0
hos,-2.0,False,2,3,0.0,1.0
bag,-2.0,False,2,4,0.0,1.0
avi,-2.0,False,2,3,0.0,1.0
tweet,-2.0,False,2,7,0.0,1.0
doe,-2.0,False,2,5,0.0,1.0
wear,-2.0,False,2,2,0.0,1.0
hot,-2.0,False,2,4,0.0,1.0
color,-2.0,False,2,2,0.0,1.0
pic,-2.0,False,2,4,0.0,1.0
gas,-2.0,False,2,2,0.0,1.0
bet,-2.0,False,2,6,0.0,1.0
cause,-2.0,False,2,9,0.0,1.0
top,-2.0,False,2,3,0.0,1.0
sin,-2.0,False,2,2,0.0,1.0
very,-2.0,False,2,2,0.0,1.0
ugh,-2.0,False,2,5,0.0,1.0
tl,-2.0,False,2,3,0.0,1.0
kno,-2.0,False,2,2,0.0,1.0
rn,-2.0,False,2,2,0.0,1.0
ah,-2.0,False,2,9,0.0,1.0
own,-2.0,False,2,4,0.0,1.0
jus,-2.0,False,2,6,0.0,1.0
bo,-2.0,False,2,2,0.0,1.0
ad,-2.0,False,2,2,0.0,1.0
nd,-2.0,False,2,3,0.0,1.0
ha,-2.0,False,2,3,0.0,1.0
g,-2.0,False,2,2,0.0,1.0
money,-1.9814814814814814,False,2,11,0.0,1.0
fell,-1.9811320754716981,False,2,2,0.0,1.0
bargain,-1.9803921568627452,False,2,2,0.0,1.0
beers,-1.9803921568627452,False,2,2,0.0,1.0
brunch,-1.9803921568627452,False,2,2,0.0,1.0
daniels,-1.9803921568627452,False,2,2,0.0,1.0
retards,-1.9803921568627452,False,2,2,0.0,1.0
miami,-1.9803921568627452,False,2,2,0.0,1.0
shake,-1.9803921568627452,False,2,2,0.0,1.0
tail,-1.9803921568627452,False,2,3,0.0,1.0
acting,-1.9803921568627452,False,2,6,0.0,1.0
bomb,-1.9803921568627452,False,2,5,0.0,1.0
tomorrow,-1.9803921568627452,False,2,5,0.0,1.0
wanted,-1.9803921568627452,False,2,5,0.0,1.0
everything,-1.9803921568627452,False,2,6,0.0,1.0
broke,-1.9803921568627452,False,2,8,0.0,1.0
funny,-1.9803921568627452,False,2,9,0.0,1.0
wife,-1.9803921568627452,False,2,7,0.0,1.0
yr,-1.9803921568627452,False,2,2,0.0,1.0
cat,-1.9803921568627452,False,2,4,0.0,1.0
friend,-1.9803921568627452,False,2,2,0.0,1.0
wonder,-1.9795918367346939,False,2,4,0.0,1.0
something,-1.9791666666666665,False,2,10,0.0,1.0
lick,-1.972972972972973,False,2,2,0.0,1.0
sound,-1.971830985915493,False,2,4,0.0,1.0
before,-1.971830985915493,False,2,5,0.0,1.0
name,-1.971830985915493,False,2,4,0.0,1.0
yardie,-1.9702970297029703,False,2,2,0.0,1.0
dam,-1.9702970297029703,False,2,4,0.0,1.0
stay,-1.9669421487603307,False,2,6,0.0,1.0
dumb,-1.9669421487603307,False,2,18,0.0,1.0
sleep,-1.9646017699115044,False,2,7,0.0,1.0
liars,-1.9522231427782382,False,2,2,0.0,1.0
dreams,-1.9421280156184633,False,2,4,0.0,1.0
hate,-1.915239626290161,False,2,18,0.0,1.0
melanin,-1.0,False,1,1,0.0,1.0
stresses,-1.0,False,1,1,0.0,1.0
128539;&#128541;&#128075;&#128075,-1.0,False,1,1,0.0,1.0
penne,-1.0,False,1,1,0.0,1.0
127817,-1.0,False,1,1,0.0,1.0
milkshakes,-1.0,False,1,1,0.0,1.0
bitch&#128118,-1.0,False,1,1,0.0,1.0
          ,-1.0,False,1,1,0.0,1.0
jants,-1.0,False,1,1,0.0,1.0
clutch,-1.0,False,1,1,0.0,1.0
bedtime,-1.0,False,1,1,0.0,1.0
rasor,-1.0,False,1,1,0.0,1.0
lebanese,-1.0,False,1,1,0.0,1.0
elmo,-1.0,False,1,1,0.0,1.0
makedclisten,-1.0,False,1,1,0.0,1.0
homeruns,-1.0,False,1,1,0.0,1.0
80s,-1.0,False,1,1,0.0,1.0
bird.&#128525;&#128525,-1.0,False,1,1,0.0,1.0
falloutbird,-1.0,False,1,1,0.0,1.0
beaner&#8221,-1.0,False,1,1,0.0,1.0
nazi&#8221,-1.0,False,1,1,0.0,1.0
useful,-1.0,False,1,1,0.0,1.0
clay,-1.0,False,1,1,0.0,1.0
visually,-1.0,False,1,1,0.0,1.0
costs,-1.0,False,1,1,0.0,1.0
mofos,-1.0,False,1,1,0.0,1.0
trassshhh,-1.0,False,1,1,0.0,1.0
8216;satanic,-1.0,False,1,1,0.0,1.0
evil&#8217,-1.0,False,1,1,0.0,1.0
docs,-1.0,False,1,1,0.0,1.0
mercy,-1.0,False,1,1,0.0,1.0
bird.&#128527,-1.0,False,1,1,0.0,1.0
chowder,-1.0,False,1,1,0.0,1.0
wishes,-1.0,False,1,1,0.0,1.0
chompers,-1.0,False,1,1,0.0,1.0
candyass,-1.0,False,1,1,0.0,1.0
dorian,-1.0,False,1,1,0.0,1.0
headache,-1.0,False,1,1,0.0,1.0
128527;&#128530,-1.0,False,1,1,0.0,1.0
shitted,-1.0,False,1,1,0.0,1.0
spirituals,-1.0,False,1,1,0.0,1.0
shorter,-1.0,False,1,1,0.0,1.0
rigged,-1.0,False,1,1,0.0,1.0
bumgarner,-1.0,False,1,1,0.0,1.0
roids,-1.0,False,1,1,0.0,1.0
spaghetti,-1.0,False,1,1,0.0,1.0
polly,-1.0,False,1,1,0.0,1.0
dumbto,-1.0,False,1,1,0.0,1.0
wees,-1.0,False,1,1,0.0,1.0
edgewater,-1.0,False,1,1,0.0,1.0
whatimcraving,-1.0,False,1,1,0.0,1.0
trashed,-1.0,False,1,1,0.0,1.0
draught,-1.0,False,1,1,0.0,1.0
bslfe,-1.0,False,1,1,0.0,1.0
graces,-1.0,False,1,1,0.0,1.0
avatar,-1.0,False,1,1,0.0,1.0
lamps,-1.0,False,1,1,0.0,1.0
bee&#128029;&#128029,-1.0,False,1,1,0.0,1.0
folie,-1.0,False,1,1,0.0,1.0
deux,-1.0,False,1,1,0.0,1.0
meets,-1.0,False,1,1,0.0,1.0
goauche,-1.0,False,1,1,0.0,1.0
jazz,-1.0,False,1,1,0.0,1.0
depth,-1.0,False,1,1,0.0,1.0
ollusion,-1.0,False,1,1,0.0,1.0
unreal,-1.0,False,1,1,0.0,1.0
ollusions,-1.0,False,1,1,0.0,1.0
alco(ho)l&#8221,-1.0,False,1,1,0.0,1.0
whitetears,-1.0,False,1,1,0.0,1.0
lessonoftheday,-1.0,False,1,1,0.0,1.0
baes,-1.0,False,1,1,0.0,1.0
frappuccino,-1.0,False,1,1,0.0,1.0
hooks,-1.0,False,1,1,0.0,1.0
sapete,-1.0,False,1,1,0.0,1.0
odio,-1.0,False,1,1,0.0,1.0
finito,-1.0,False,1,1,0.0,1.0
128557;&#128018;&#10052,-1.0,False,1,1,0.0,1.0
doodle,-1.0,False,1,1,0.0,1.0
cotton,-1.0,False,1,1,0.0,1.0
"9829;,&#9829",-1.0,False,1,1,0.0,1.0
endlesslove,-1.0,False,1,1,0.0,1.0
freudian,-1.0,False,1,1,0.0,1.0
faggots&#128530;&#128557,-1.0,False,1,1,0.0,1.0
oreos?-_-,-1.0,False,1,1,0.0,1.0
drumstick,-1.0,False,1,1,0.0,1.0
bone&#127827,-1.0,False,1,1,0.0,1.0
fuzzies,-1.0,False,1,1,0.0,1.0
singing?!&#8221;haha,-1.0,False,1,1,0.0,1.0
thoughts,-1.0,False,1,1,0.0,1.0
addicting,-1.0,False,1,1,0.0,1.0
whoooooaaa,-1.0,False,1,1,0.0,1.0
angel&#128124;&#128149,-1.0,False,1,1,0.0,1.0
128553;&#128079,-1.0,False,1,1,0.0,1.0
fumny,-1.0,False,1,1,0.0,1.0
squishy,-1.0,False,1,1,0.0,1.0
pulp,-1.0,False,1,1,0.0,1.0
khloee,-1.0,False,1,1,0.0,1.0
127912,-1.0,False,1,1,0.0,1.0
mcm,-1.0,False,1,1,0.0,1.0
she)s,-1.0,False,1,1,0.0,1.0
bro(was)ken,-1.0,False,1,1,0.0,1.0
bec(a)use,-1.0,False,1,1,0.0,1.0
s(side)he,-1.0,False,1,1,0.0,1.0
beli(hoe)ved,-1.0,False,1,1,0.0,1.0
erecycle,-1.0,False,1,1,0.0,1.0
certainlt,-1.0,False,1,1,0.0,1.0
paddies,-1.0,False,1,1,0.0,1.0
pointy,-1.0,False,1,1,0.0,1.0
beaks,-1.0,False,1,1,0.0,1.0
9995;&#11088;&#65039;bitch,-1.0,False,1,1,0.0,1.0
ovo,-1.0,False,1,1,0.0,1.0
keyboards,-1.0,False,1,1,0.0,1.0
stripey,-1.0,False,1,1,0.0,1.0
bruhhhhh,-1.0,False,1,1,0.0,1.0
5hrs,-1.0,False,1,1,0.0,1.0
ass###bleedgreen,-1.0,False,1,1,0.0,1.0
happiest,-1.0,False,1,1,0.0,1.0
portable,-1.0,False,1,1,0.0,1.0
allllll,-1.0,False,1,1,0.0,1.0
pesky,-1.0,False,1,1,0.0,1.0
soiknowitsreal,-1.0,False,1,1,0.0,1.0
blasted,-1.0,False,1,1,0.0,1.0
incase,-1.0,False,1,1,0.0,1.0
128010;&#128010,-1.0,False,1,1,0.0,1.0
kfc,-1.0,False,1,1,0.0,1.0
biscuits,-1.0,False,1,1,0.0,1.0
teef,-1.0,False,1,1,0.0,1.0
killers.&#128525,-1.0,False,1,1,0.0,1.0
bbs,-1.0,False,1,1,0.0,1.0
hoe&#128514,-1.0,False,1,1,0.0,1.0
hoes&#128064,-1.0,False,1,1,0.0,1.0
italian,-1.0,False,1,1,0.0,1.0
calzone,-1.0,False,1,1,0.0,1.0
murica,-1.0,False,1,1,0.0,1.0
trailor,-1.0,False,1,1,0.0,1.0
:o,-1.0,False,1,1,0.0,1.0
drita,-1.0,False,1,1,0.0,1.0
existence,-1.0,False,1,1,0.0,1.0
sorrow,-1.0,False,1,1,0.0,1.0
failure,-1.0,False,1,1,0.0,1.0
contacted,-1.0,False,1,1,0.0,1.0
ridley,-1.0,False,1,1,0.0,1.0
skylar,-1.0,False,1,1,0.0,1.0
diggins,-1.0,False,1,1,0.0,1.0
care&#8221;whole,-1.0,False,1,1,0.0,1.0
128076;bitch,-1.0,False,1,1,0.0,1.0
neymar,-1.0,False,1,1,0.0,1.0
redskin(s,-1.0,False,1,1,0.0,1.0
soprised,-1.0,False,1,1,0.0,1.0
vegetables,-1.0,False,1,1,0.0,1.0
bitches&#128525;&#127825,-1.0,False,1,1,0.0,1.0
iwanttopunchpeoplewho,-1.0,False,1,1,0.0,1.0
fanduel,-1.0,False,1,1,0.0,1.0
paperball,-1.0,False,1,1,0.0,1.0
tickle,-1.0,False,1,1,0.0,1.0
antony,-1.0,False,1,1,0.0,1.0
hoes&#128527,-1.0,False,1,1,0.0,1.0
webber,-1.0,False,1,1,0.0,1.0
6hcota,-1.0,False,1,1,0.0,1.0
kong,-1.0,False,1,1,0.0,1.0
oxtails,-1.0,False,1,1,0.0,1.0
blasphemy&#8221,-1.0,False,1,1,0.0,1.0
boneless,-1.0,False,1,1,0.0,1.0
cake&#128514,-1.0,False,1,1,0.0,1.0
pregame,-1.0,False,1,1,0.0,1.0
speeches,-1.0,False,1,1,0.0,1.0
hellfire,-1.0,False,1,1,0.0,1.0
missiles,-1.0,False,1,1,0.0,1.0
vaporize,-1.0,False,1,1,0.0,1.0
guidos,-1.0,False,1,1,0.0,1.0
themoreyouknow,-1.0,False,1,1,0.0,1.0
pnd,-1.0,False,1,1,0.0,1.0
musical,-1.0,False,1,1,0.0,1.0
goalkeeper,-1.0,False,1,1,0.0,1.0
overripe,-1.0,False,1,1,0.0,1.0
eggplants,-1.0,False,1,1,0.0,1.0
rafter,-1.0,False,1,1,0.0,1.0
128525;&#128527;&#128076,-1.0,False,1,1,0.0,1.0
ouija,-1.0,False,1,1,0.0,1.0
receivers,-1.0,False,1,1,0.0,1.0
patron,-1.0,False,1,1,0.0,1.0
hajjaj,-1.0,False,1,1,0.0,1.0
ajmi,-1.0,False,1,1,0.0,1.0
airport,-1.0,False,1,1,0.0,1.0
hermanos,-1.0,False,1,1,0.0,1.0
heisenberg,-1.0,False,1,1,0.0,1.0
663399becca,-1.0,False,1,1,0.0,1.0
skyscrapers,-1.0,False,1,1,0.0,1.0
denim,-1.0,False,1,1,0.0,1.0
bitches&lt;&lt;&lt;&lt,-1.0,False,1,1,0.0,1.0
bumpkin,-1.0,False,1,1,0.0,1.0
notification,-1.0,False,1,1,0.0,1.0
loll,-1.0,False,1,1,0.0,1.0
secondary,-1.0,False,1,1,0.0,1.0
mimosas,-1.0,False,1,1,0.0,1.0
crochet,-1.0,False,1,1,0.0,1.0
gobbledy,-1.0,False,1,1,0.0,1.0
128526;&#128523,-1.0,False,1,1,0.0,1.0
mountain,-1.0,False,1,1,0.0,1.0
mcgee,-1.0,False,1,1,0.0,1.0
sperrys,-1.0,False,1,1,0.0,1.0
vans,-1.0,False,1,1,0.0,1.0
furbush,-1.0,False,1,1,0.0,1.0
whydidigoogle,-1.0,False,1,1,0.0,1.0
birdddd,-1.0,False,1,1,0.0,1.0
franks,-1.0,False,1,1,0.0,1.0
buckwheat,-1.0,False,1,1,0.0,1.0
porky,-1.0,False,1,1,0.0,1.0
kanyeeeeeee,-1.0,False,1,1,0.0,1.0
instinct,-1.0,False,1,1,0.0,1.0
robber,-1.0,False,1,1,0.0,1.0
foles,-1.0,False,1,1,0.0,1.0
waive,-1.0,False,1,1,0.0,1.0
debatable,-1.0,False,1,1,0.0,1.0
reward,-1.0,False,1,1,0.0,1.0
waking,-1.0,False,1,1,0.0,1.0
(-:,-1.0,False,1,1,0.0,1.0
writer,-1.0,False,1,1,0.0,1.0
untrue,-1.0,False,1,1,0.0,1.0
careers,-1.0,False,1,1,0.0,1.0
wwc,-1.0,False,1,1,0.0,1.0
illmissu,-1.0,False,1,1,0.0,1.0
gusta,-1.0,False,1,1,0.0,1.0
espa&#241;ol,-1.0,False,1,1,0.0,1.0
127831,-1.0,False,1,1,0.0,1.0
420,-1.0,False,1,1,0.0,1.0
mccarthy,-1.0,False,1,1,0.0,1.0
outduels,-1.0,False,1,1,0.0,1.0
keuchel,-1.0,False,1,1,0.0,1.0
yeeyee,-1.0,False,1,1,0.0,1.0
beatthehabs,-1.0,False,1,1,0.0,1.0
nyr,-1.0,False,1,1,0.0,1.0
reaaallly,-1.0,False,1,1,0.0,1.0
counting,-1.0,False,1,1,0.0,1.0
shockingly,-1.0,False,1,1,0.0,1.0
devoured,-1.0,False,1,1,0.0,1.0
pooped,-1.0,False,1,1,0.0,1.0
spots,-1.0,False,1,1,0.0,1.0
searches,-1.0,False,1,1,0.0,1.0
pages,-1.0,False,1,1,0.0,1.0
nearest,-1.0,False,1,1,0.0,1.0
shill,-1.0,False,1,1,0.0,1.0
peeps,-1.0,False,1,1,0.0,1.0
mellows,-1.0,False,1,1,0.0,1.0
apologies,-1.0,False,1,1,0.0,1.0
126,-1.0,False,1,1,0.0,1.0
protective,-1.0,False,1,1,0.0,1.0
udonis,-1.0,False,1,1,0.0,1.0
donnas,-1.0,False,1,1,0.0,1.0
up.#moulinyan#lol,-1.0,False,1,1,0.0,1.0
3:10am,-1.0,False,1,1,0.0,1.0
redmeat,-1.0,False,1,1,0.0,1.0
boonies,-1.0,False,1,1,0.0,1.0
caitlin,-1.0,False,1,1,0.0,1.0
tonight&gt;&gt,-1.0,False,1,1,0.0,1.0
hehehe,-1.0,False,1,1,0.0,1.0
brendon,-1.0,False,1,1,0.0,1.0
/yankee,-1.0,False,1,1,0.0,1.0
badonka,-1.0,False,1,1,0.0,1.0
ankh,-1.0,False,1,1,0.0,1.0
recommended,-1.0,False,1,1,0.0,1.0
spiritweek,-1.0,False,1,1,0.0,1.0
302,-1.0,False,1,1,0.0,1.0
bucs,-1.0,False,1,1,0.0,1.0
uniforms,-1.0,False,1,1,0.0,1.0
128115;&#128114;&#128152,-1.0,False,1,1,0.0,1.0
subwayseries,-1.0,False,1,1,0.0,1.0
parental,-1.0,False,1,1,0.0,1.0
pubes,-1.0,False,1,1,0.0,1.0
gorgeous,-1.0,False,1,1,0.0,1.0
calico,-1.0,False,1,1,0.0,1.0
nu&#241;ez,-1.0,False,1,1,0.0,1.0
regents,-1.0,False,1,1,0.0,1.0
waxx,-1.0,False,1,1,0.0,1.0
reckless,-1.0,False,1,1,0.0,1.0
browngal,-1.0,False,1,1,0.0,1.0
drift,-1.0,False,1,1,0.0,1.0
128530;&#128530;&#128530;&#128530,-1.0,False,1,1,0.0,1.0
trash&#128553,-1.0,False,1,1,0.0,1.0
yaoooooooo,-1.0,False,1,1,0.0,1.0
mawnin,-1.0,False,1,1,0.0,1.0
128154;&#128155;&#128536,-1.0,False,1,1,0.0,1.0
guide,-1.0,False,1,1,0.0,1.0
unveil,-1.0,False,1,1,0.0,1.0
lox,-1.0,False,1,1,0.0,1.0
darn,-1.0,False,1,1,0.0,1.0
jackets,-1.0,False,1,1,0.0,1.0
sharpie,-1.0,False,1,1,0.0,1.0
9757;&#65039;no,-1.0,False,1,1,0.0,1.0
breathe,-1.0,False,1,1,0.0,1.0
shelves,-1.0,False,1,1,0.0,1.0
ghetto&#127773,-1.0,False,1,1,0.0,1.0
herkfacts,-1.0,False,1,1,0.0,1.0
toddler,-1.0,False,1,1,0.0,1.0
holidayseasonlive,-1.0,False,1,1,0.0,1.0
skipped,-1.0,False,1,1,0.0,1.0
.hes,-1.0,False,1,1,0.0,1.0
embarrassment,-1.0,False,1,1,0.0,1.0
designer,-1.0,False,1,1,0.0,1.0
intrigues,-1.0,False,1,1,0.0,1.0
repulses,-1.0,False,1,1,0.0,1.0
swept,-1.0,False,1,1,0.0,1.0
ouuua,-1.0,False,1,1,0.0,1.0
siana,-1.0,False,1,1,0.0,1.0
polosi,-1.0,False,1,1,0.0,1.0
namu,-1.0,False,1,1,0.0,1.0
ta'e,-1.0,False,1,1,0.0,1.0
128553;&#128588,-1.0,False,1,1,0.0,1.0
missions,-1.0,False,1,1,0.0,1.0
universally,-1.0,False,1,1,0.0,1.0
grapefruit,-1.0,False,1,1,0.0,1.0
mulligan,-1.0,False,1,1,0.0,1.0
bladder,-1.0,False,1,1,0.0,1.0
directv,-1.0,False,1,1,0.0,1.0
dubya,-1.0,False,1,1,0.0,1.0
todays,-1.0,False,1,1,0.0,1.0
movement,-1.0,False,1,1,0.0,1.0
128532;&#128532,-1.0,False,1,1,0.0,1.0
forthebros,-1.0,False,1,1,0.0,1.0
chill.&#8221,-1.0,False,1,1,0.0,1.0
remastered,-1.0,False,1,1,0.0,1.0
314254,-1.0,False,1,1,0.0,1.0
003,-1.0,False,1,1,0.0,1.0
maxima,-1.0,False,1,1,0.0,1.0
williamsc,-1.0,False,1,1,0.0,1.0
whistle,-1.0,False,1,1,0.0,1.0
geeze,-1.0,False,1,1,0.0,1.0
demanding,-1.0,False,1,1,0.0,1.0
uya,-1.0,False,1,1,0.0,1.0
128525;&#8221,-1.0,False,1,1,0.0,1.0
manual,-1.0,False,1,1,0.0,1.0
clapclapclap,-1.0,False,1,1,0.0,1.0
troubleman,-1.0,False,1,1,0.0,1.0
albums,-1.0,False,1,1,0.0,1.0
referring,-1.0,False,1,1,0.0,1.0
vick,-1.0,False,1,1,0.0,1.0
crc,-1.0,False,1,1,0.0,1.0
puravida,-1.0,False,1,1,0.0,1.0
sesame,-1.0,False,1,1,0.0,1.0
revlon,-1.0,False,1,1,0.0,1.0
lesserfilms,-1.0,False,1,1,0.0,1.0
128523;&#8221,-1.0,False,1,1,0.0,1.0
pffttt,-1.0,False,1,1,0.0,1.0
thomas,-1.0,False,1,1,0.0,1.0
kienzle,-1.0,False,1,1,0.0,1.0
muzzies,-1.0,False,1,1,0.0,1.0
approve,-1.0,False,1,1,0.0,1.0
iwatch,-1.0,False,1,1,0.0,1.0
fitzpatrick,-1.0,False,1,1,0.0,1.0
bape,-1.0,False,1,1,0.0,1.0
linguini,-1.0,False,1,1,0.0,1.0
pasta,-1.0,False,1,1,0.0,1.0
fancily,-1.0,False,1,1,0.0,1.0
hosers,-1.0,False,1,1,0.0,1.0
wvnextin6,-1.0,False,1,1,0.0,1.0
disparagement,-1.0,False,1,1,0.0,1.0
meant,-1.0,False,1,1,0.0,1.0
dissing,-1.0,False,1,1,0.0,1.0
directions,-1.0,False,1,1,0.0,1.0
minutesme,-1.0,False,1,1,0.0,1.0
donaire,-1.0,False,1,1,0.0,1.0
booner,-1.0,False,1,1,0.0,1.0
teapot,-1.0,False,1,1,0.0,1.0
haiku,-1.0,False,1,1,0.0,1.0
mijikai,-1.0,False,1,1,0.0,1.0
seasoning,-1.0,False,1,1,0.0,1.0
wilma,-1.0,False,1,1,0.0,1.0
jeanne,-1.0,False,1,1,0.0,1.0
hellyeah,-1.0,False,1,1,0.0,1.0
picking,-1.0,False,1,1,0.0,1.0
habichuelas,-1.0,False,1,1,0.0,1.0
schedules,-1.0,False,1,1,0.0,1.0
lawful,-1.0,False,1,1,0.0,1.0
secretly,-1.0,False,1,1,0.0,1.0
speedwagon,-1.0,False,1,1,0.0,1.0
fatbands,-1.0,False,1,1,0.0,1.0
gables,-1.0,False,1,1,0.0,1.0
lt;&lt;&lt;&lt;&lt;&lt;&lt;&lt,-1.0,False,1,1,0.0,1.0
128148,-1.0,False,1,1,0.0,1.0
gasoline,-1.0,False,1,1,0.0,1.0
inbed,-1.0,False,1,1,0.0,1.0
poppadom,-1.0,False,1,1,0.0,1.0
livinthedream,-1.0,False,1,1,0.0,1.0
classroom,-1.0,False,1,1,0.0,1.0
conjuring,-1.0,False,1,1,0.0,1.0
insidious,-1.0,False,1,1,0.0,1.0
70s,-1.0,False,1,1,0.0,1.0
bios,-1.0,False,1,1,0.0,1.0
dismissed,-1.0,False,1,1,0.0,1.0
"hoe""lmfao",-1.0,False,1,1,0.0,1.0
gravedigger,-1.0,False,1,1,0.0,1.0
spookybroadway,-1.0,False,1,1,0.0,1.0
givingup,-1.0,False,1,1,0.0,1.0
choir,-1.0,False,1,1,0.0,1.0
6'7,-1.0,False,1,1,0.0,1.0
legion,-1.0,False,1,1,0.0,1.0
honesty,-1.0,False,1,1,0.0,1.0
downloaded,-1.0,False,1,1,0.0,1.0
terrible,-1.0,False,1,1,0.0,1.0
foodporn,-1.0,False,1,1,0.0,1.0
lifechanging,-1.0,False,1,1,0.0,1.0
"doe?""y",-1.0,False,1,1,0.0,1.0
appropriately,-1.0,False,1,1,0.0,1.0
wiggas,-1.0,False,1,1,0.0,1.0
utterly,-1.0,False,1,1,0.0,1.0
brother&#128563;&#128514,-1.0,False,1,1,0.0,1.0
teeth&#128567,-1.0,False,1,1,0.0,1.0
letsgoyankees,-1.0,False,1,1,0.0,1.0
metal,-1.0,False,1,1,0.0,1.0
mnf,-1.0,False,1,1,0.0,1.0
1300,-1.0,False,1,1,0.0,1.0
sunny,-1.0,False,1,1,0.0,1.0
yaya,-1.0,False,1,1,0.0,1.0
asap,-1.0,False,1,1,0.0,1.0
peas,-1.0,False,1,1,0.0,1.0
ibuprofen,-1.0,False,1,1,0.0,1.0
artprize,-1.0,False,1,1,0.0,1.0
advised,-1.0,False,1,1,0.0,1.0
skulls,-1.0,False,1,1,0.0,1.0
connecticut,-1.0,False,1,1,0.0,1.0
laff,-1.0,False,1,1,0.0,1.0
chava,-1.0,False,1,1,0.0,1.0
rubio,-1.0,False,1,1,0.0,1.0
toinight,-1.0,False,1,1,0.0,1.0
-107,-1.0,False,1,1,0.0,1.0
-hunter,-1.0,False,1,1,0.0,1.0
trash.&#8221;&#128686,-1.0,False,1,1,0.0,1.0
deztinis,-1.0,False,1,1,0.0,1.0
yob,-1.0,False,1,1,0.0,1.0
poont,-1.0,False,1,1,0.0,1.0
lousiville,-1.0,False,1,1,0.0,1.0
trophies,-1.0,False,1,1,0.0,1.0
gtta,1.0,False,1,1,1.0,0.0
tier,-1.0,False,1,1,0.0,1.0
wrestlers,-1.0,False,1,1,0.0,1.0
pedophile,-1.0,False,1,1,0.0,1.0
promoting,-1.0,False,1,1,0.0,1.0
dolt,-1.0,False,1,1,0.0,1.0
128125,-1.0,False,1,1,0.0,1.0
ferkin,-1.0,False,1,1,0.0,1.0
pajamas,-1.0,False,1,1,0.0,1.0
udigg,-1.0,False,1,1,0.0,1.0
viswa,-1.0,False,1,1,0.0,1.0
moulie,-1.0,False,1,1,0.0,1.0
pumprules,-1.0,False,1,1,0.0,1.0
bravo,-1.0,False,1,1,0.0,1.0
podcasts,-1.0,False,1,1,0.0,1.0
rpgs,-1.0,False,1,1,0.0,1.0
skurred,-1.0,False,1,1,0.0,1.0
waving,-1.0,False,1,1,0.0,1.0
bears,-1.0,False,1,1,0.0,1.0
diz,-1.0,False,1,1,0.0,1.0
chavez,-1.0,False,1,1,0.0,1.0
guessing,-1.0,False,1,1,0.0,1.0
gilbert,-1.0,False,1,1,0.0,1.0
claes,-1.0,False,1,1,0.0,1.0
hemroid,-1.0,False,1,1,0.0,1.0
sporting,-1.0,False,1,1,0.0,1.0
yowza,-1.0,False,1,1,0.0,1.0
googly,-1.0,False,1,1,0.0,1.0
arabspring,-1.0,False,1,1,0.0,1.0
hoodrats,-1.0,False,1,1,0.0,1.0
peers,-1.0,False,1,1,0.0,1.0
bathtime,-1.0,False,1,1,0.0,1.0
awwwwe,-1.0,False,1,1,0.0,1.0
fowls,-1.0,False,1,1,0.0,1.0
gotcha,-1.0,False,1,1,0.0,1.0
krunkchip,-1.0,False,1,1,0.0,1.0
gallop,-1.0,False,1,1,0.0,1.0
mmkay,-1.0,False,1,1,0.0,1.0
comets,-1.0,False,1,1,0.0,1.0
coordinator,-1.0,False,1,1,0.0,1.0
degrees,-1.0,False,1,1,0.0,1.0
edgewood,-1.0,False,1,1,0.0,1.0
lemmie,-1.0,False,1,1,0.0,1.0
clumsy,-1.0,False,1,1,0.0,1.0
gallery,-1.0,False,1,1,0.0,1.0
enterprise,-1.0,False,1,1,0.0,1.0
groves,-1.0,False,1,1,0.0,1.0
worstpeanutsspecialever,-1.0,False,1,1,0.0,1.0
128155;&#128155,-1.0,False,1,1,0.0,1.0
tankees,-1.0,False,1,1,0.0,1.0
johndeere,-1.0,False,1,1,0.0,1.0
4455,-1.0,False,1,1,0.0,1.0
hellen,-1.0,False,1,1,0.0,1.0
keller,-1.0,False,1,1,0.0,1.0
ruby,-1.0,False,1,1,0.0,1.0
amusing,-1.0,False,1,1,0.0,1.0
e60,-1.0,False,1,1,0.0,1.0
conoc&#237,-1.0,False,1,1,0.0,1.0
ojos,-1.0,False,1,1,0.0,1.0
puedo,-1.0,False,1,1,0.0,1.0
vivir,-1.0,False,1,1,0.0,1.0
ellos,-1.0,False,1,1,0.0,1.0
believer,-1.0,False,1,1,0.0,1.0
patriot,-1.0,False,1,1,0.0,1.0
chocolatey,-1.0,False,1,1,0.0,1.0
yummy,-1.0,False,1,1,0.0,1.0
oomfs,-1.0,False,1,1,0.0,1.0
yellow&#128514;&#128128;&#128128,-1.0,False,1,1,0.0,1.0
parched,-1.0,False,1,1,0.0,1.0
boooooooo,-1.0,False,1,1,0.0,1.0
chilling,-1.0,False,1,1,0.0,1.0
128069;&#8482,-1.0,False,1,1,0.0,1.0
1999,-1.0,False,1,1,0.0,1.0
rematch,-1.0,False,1,1,0.0,1.0
ho&#251;rs,-1.0,False,1,1,0.0,1.0
machinery,-1.0,False,1,1,0.0,1.0
hanger,-1.0,False,1,1,0.0,1.0
ucla,-1.0,False,1,1,0.0,1.0
tomcat,-1.0,False,1,1,0.0,1.0
8216;sup,-1.0,False,1,1,0.0,1.0
licker&#8217,-1.0,False,1,1,0.0,1.0
fatpo,-1.0,False,1,1,0.0,1.0
foodlovers,-1.0,False,1,1,0.0,1.0
mutant,-1.0,False,1,1,0.0,1.0
checking,-1.0,False,1,1,0.0,1.0
kentucky,-1.0,False,1,1,0.0,1.0
menu,-1.0,False,1,1,0.0,1.0
pinche,-1.0,False,1,1,0.0,1.0
panamonos,-1.0,False,1,1,0.0,1.0
atlanta,-1.0,False,1,1,0.0,1.0
flattered,-1.0,False,1,1,0.0,1.0
scorre,-1.0,False,1,1,0.0,1.0
abduction,-1.0,False,1,1,0.0,1.0
linked,-1.0,False,1,1,0.0,1.0
kidnapping,-1.0,False,1,1,0.0,1.0
270,-1.0,False,1,1,0.0,1.0
insidejoke,-1.0,False,1,1,0.0,1.0
theboondocks,-1.0,False,1,1,0.0,1.0
10:30,-1.0,False,1,1,0.0,1.0
128123;spook,-1.0,False,1,1,0.0,1.0
mood,-1.0,False,1,1,0.0,1.0
peruvian,-1.0,False,1,1,0.0,1.0
femalelogic,-1.0,False,1,1,0.0,1.0
amazingtiming,-1.0,False,1,1,0.0,1.0
replaced,-1.0,False,1,1,0.0,1.0
127877;&#127876;&#10084;&#65039,-1.0,False,1,1,0.0,1.0
zombies,-1.0,False,1,1,0.0,1.0
huns,-1.0,False,1,1,0.0,1.0
4lokos,-1.0,False,1,1,0.0,1.0
scripts,-1.0,False,1,1,0.0,1.0
rhymes,-1.0,False,1,1,0.0,1.0
gaga,-1.0,False,1,1,0.0,1.0
reaper,-1.0,False,1,1,0.0,1.0
magellan,-1.0,False,1,1,0.0,1.0
obispo,-1.0,False,1,1,0.0,1.0
mccain,-1.0,False,1,1,0.0,1.0
carny,-1.0,False,1,1,0.0,1.0
pussy&#128539;&#128570;&#128166;&#128166,-1.0,False,1,1,0.0,1.0
click,-1.0,False,1,1,0.0,1.0
fucc'n,-1.0,False,1,1,0.0,1.0
hoe&#128522,-1.0,False,1,1,0.0,1.0
outlook,-1.0,False,1,1,0.0,1.0
york&#160;yankees,-1.0,False,1,1,0.0,1.0
textith,-1.0,False,1,1,0.0,1.0
bitch&#128545;&#128548,-1.0,False,1,1,0.0,1.0
r.i.p,-1.0,False,1,1,0.0,1.0
hoes&#128131,-1.0,False,1,1,0.0,1.0
travis,-1.0,False,1,1,0.0,1.0
fezbandname,-1.0,False,1,1,0.0,1.0
128037;&#128035,-1.0,False,1,1,0.0,1.0
bkent,-1.0,False,1,1,0.0,1.0
mme1636,-1.0,False,1,1,0.0,1.0
litetally,-1.0,False,1,1,0.0,1.0
bathsalt,-1.0,False,1,1,0.0,1.0
opened,-1.0,False,1,1,0.0,1.0
wexican,-1.0,False,1,1,0.0,1.0
masterchefjunior,-1.0,False,1,1,0.0,1.0
lt;&lt;&lt;when,-1.0,False,1,1,0.0,1.0
donuts,-1.0,False,1,1,0.0,1.0
oppurtunity,-1.0,False,1,1,0.0,1.0
freshfaces,-1.0,False,1,1,0.0,1.0
longexposure,-1.0,False,1,1,0.0,1.0
lightwriting,-1.0,False,1,1,0.0,1.0
dreamt,-1.0,False,1,1,0.0,1.0
113,-1.0,False,1,1,0.0,1.0
catchers,-1.0,False,1,1,0.0,1.0
oakleaf,-1.0,False,1,1,0.0,1.0
wankin,-1.0,False,1,1,0.0,1.0
now&#8230;that,-1.0,False,1,1,0.0,1.0
stressful,-1.0,False,1,1,0.0,1.0
dances,-1.0,False,1,1,0.0,1.0
brass,-1.0,False,1,1,0.0,1.0
diaval,-1.0,False,1,1,0.0,1.0
virtue,-1.0,False,1,1,0.0,1.0
4&#8419;2&#8419;0&#8419,-1.0,False,1,1,0.0,1.0
128588;&#128069;&#128166,-1.0,False,1,1,0.0,1.0
differentials,-1.0,False,1,1,0.0,1.0
-14,-1.0,False,1,1,0.0,1.0
-32,-1.0,False,1,1,0.0,1.0
fingernails,-1.0,False,1,1,0.0,1.0
knife,-1.0,False,1,1,0.0,1.0
girls.&#128134,-1.0,False,1,1,0.0,1.0
sheeze,-1.0,False,1,1,0.0,1.0
h.g.wells,-1.0,False,1,1,0.0,1.0
gatornation,-1.0,False,1,1,0.0,1.0
india&#8217;s,-1.0,False,1,1,0.0,1.0
defying,-1.0,False,1,1,0.0,1.0
pharaohs,-1.0,False,1,1,0.0,1.0
strait,-1.0,False,1,1,0.0,1.0
bint,-1.0,False,1,1,0.0,1.0
brees,-1.0,False,1,1,0.0,1.0
begging,-1.0,False,1,1,0.0,1.0
spooks,-1.0,False,1,1,0.0,1.0
naah,-1.0,False,1,1,0.0,1.0
shocked,-1.0,False,1,1,0.0,1.0
barca,-1.0,False,1,1,0.0,1.0
prog&#8230,-1.0,False,1,1,0.0,1.0
potassium,-1.0,False,1,1,0.0,1.0
gogetit,-1.0,False,1,1,0.0,1.0
bayless,-1.0,False,1,1,0.0,1.0
wrists,-1.0,False,1,1,0.0,1.0
scales,-1.0,False,1,1,0.0,1.0
lacking,-1.0,False,1,1,0.0,1.0
crackhead,-1.0,False,1,1,0.0,1.0
downloads,-1.0,False,1,1,0.0,1.0
timbs,-1.0,False,1,1,0.0,1.0
leija,-1.0,False,1,1,0.0,1.0
140,-1.0,False,1,1,0.0,1.0
ritz,-1.0,False,1,1,0.0,1.0
philhughes,-1.0,False,1,1,0.0,1.0
ewwww,-1.0,False,1,1,0.0,1.0
submarine,-1.0,False,1,1,0.0,1.0
127754,-1.0,False,1,1,0.0,1.0
nipples,-1.0,False,1,1,0.0,1.0
banjo,-1.0,False,1,1,0.0,1.0
sheryl,-1.0,False,1,1,0.0,1.0
hungarian,-1.0,False,1,1,0.0,1.0
mexico,-1.0,False,1,1,0.0,1.0
luh,-1.0,False,1,1,0.0,1.0
conservatives,-1.0,False,1,1,0.0,1.0
bench,-1.0,False,1,2,0.0,1.0
tool,-1.0,False,1,1,0.0,1.0
prefer,-1.0,False,1,1,0.0,1.0
lesser,-1.0,False,1,1,0.0,1.0
bird&#8221,-1.0,False,1,1,0.0,1.0
flyer,-1.0,False,1,2,0.0,1.0
pale,-1.0,False,1,1,0.0,1.0
hugged,-1.0,False,1,1,0.0,1.0
gibson,-1.0,False,1,1,0.0,1.0
tortillas,-1.0,False,1,1,0.0,1.0
thursdays,-1.0,False,1,1,0.0,1.0
fisher,-1.0,False,1,1,0.0,1.0
madden,-1.0,False,1,2,0.0,1.0
votingmatters,-1.0,False,1,1,0.0,1.0
swap,-1.0,False,1,1,0.0,1.0
goodmorning,-1.0,False,1,2,0.0,1.0
floridians,-1.0,False,1,1,0.0,1.0
bitty,-1.0,False,1,1,0.0,1.0
oldpainting,-1.0,False,1,1,0.0,1.0
lounge,-1.0,False,1,1,0.0,1.0
woah,-1.0,False,1,1,0.0,1.0
rt&#8220,-1.0,False,1,1,0.0,1.0
seems,-1.0,False,1,1,0.0,1.0
mutual,-1.0,False,1,1,0.0,1.0
rooster,-1.0,False,1,1,0.0,1.0
victoria,-1.0,False,1,1,0.0,1.0
crown,-1.0,False,1,2,0.0,1.0
injuns,-1.0,False,1,1,0.0,1.0
freestyle,-1.0,False,1,1,0.0,1.0
backpack,-1.0,False,1,1,0.0,1.0
freezing,-1.0,False,1,1,0.0,1.0
unbelievable,-1.0,False,1,1,0.0,1.0
stunk,-1.0,False,1,1,0.0,1.0
gung,-1.0,False,1,1,0.0,1.0
nevermind,-1.0,False,1,1,0.0,1.0
perfection,-1.0,False,1,1,0.0,1.0
cigarette,-1.0,False,1,1,0.0,1.0
butts,-1.0,False,1,1,0.0,1.0
tips,-1.0,False,1,1,0.0,1.0
stepping,-1.0,False,1,1,0.0,1.0
kicker,-1.0,False,1,1,0.0,1.0
transformer,-1.0,False,1,1,0.0,1.0
128556,-1.0,False,1,2,0.0,1.0
deny,-1.0,False,1,1,0.0,1.0
cheers,-1.0,False,1,1,0.0,1.0
vanilla,-1.0,False,1,1,0.0,1.0
wyoming,-1.0,False,1,1,0.0,1.0
visiting,-1.0,False,1,1,0.0,1.0
speaks,-1.0,False,1,1,0.0,1.0
bumblebees,-1.0,False,1,1,0.0,1.0
honkey,-1.0,False,1,1,0.0,1.0
condom,-1.0,False,1,1,0.0,1.0
invent,-1.0,False,1,1,0.0,1.0
stomach,-1.0,False,1,2,0.0,1.0
coverage,-1.0,False,1,1,0.0,1.0
kuwait,-1.0,False,1,1,0.0,1.0
terrifying,-1.0,False,1,1,0.0,1.0
highway,-1.0,False,1,1,0.0,1.0
chuckers,-1.0,False,1,1,0.0,1.0
flooding,-1.0,False,1,1,0.0,1.0
schools,-1.0,False,1,1,0.0,1.0
winnnn,-1.0,False,1,1,0.0,1.0
128153,-1.0,False,1,1,0.0,1.0
cutest,-1.0,False,1,1,0.0,1.0
planned,-1.0,False,1,1,0.0,1.0
jake,-1.0,False,1,1,0.0,1.0
i'mma,-1.0,False,1,1,0.0,1.0
codes,-1.0,False,1,2,0.0,1.0
ucf,-1.0,False,1,1,0.0,1.0
smells,-1.0,False,1,2,0.0,1.0
survival,-1.0,False,1,1,0.0,1.0
bitten,-1.0,False,1,1,0.0,1.0
pity,-1.0,False,1,1,0.0,1.0
parties,-1.0,False,1,1,0.0,1.0
9ers,-1.0,False,1,1,0.0,1.0
sweeping,-1.0,False,1,1,0.0,1.0
comedy,-1.0,False,1,1,0.0,1.0
constantly,-1.0,False,1,1,0.0,1.0
infinitely,-1.0,False,1,1,0.0,1.0
finale,-1.0,False,1,1,0.0,1.0
holding,-1.0,False,1,1,0.0,1.0
pennant,-1.0,False,1,1,0.0,1.0
explained,-1.0,False,1,1,0.0,1.0
newyork,-1.0,False,1,1,0.0,1.0
ideology,-1.0,False,1,1,0.0,1.0
padre,-1.0,False,1,1,0.0,1.0
chart,-1.0,False,1,1,0.0,1.0
grades,-1.0,False,1,1,0.0,1.0
smashed,-1.0,False,1,2,0.0,1.0
arod,-1.0,False,1,1,0.0,1.0
robs,-1.0,False,1,1,0.0,1.0
tanks,-1.0,False,1,1,0.0,1.0
blk,-1.0,False,1,1,0.0,1.0
laughter,-1.0,False,1,1,0.0,1.0
gouache,-1.0,False,1,1,0.0,1.0
monument,-1.0,False,1,1,0.0,1.0
plies,-1.0,False,1,1,0.0,1.0
chips,-1.0,False,1,1,0.0,1.0
instant,-1.0,False,1,1,0.0,1.0
bois,-1.0,False,1,1,0.0,1.0
motown,-1.0,False,1,1,0.0,1.0
mrs,-1.0,False,1,1,0.0,1.0
panic,-1.0,False,1,1,0.0,1.0
goldfish,-1.0,False,1,1,0.0,1.0
describe,-1.0,False,1,1,0.0,1.0
files,-1.0,False,1,1,0.0,1.0
emergency,-1.0,False,1,1,0.0,1.0
protests,-1.0,False,1,1,0.0,1.0
mace,-1.0,False,1,1,0.0,1.0
mcflurry,-1.0,False,1,1,0.0,1.0
pfft,-1.0,False,1,1,0.0,1.0
scalp,-1.0,False,1,1,0.0,1.0
domes,-1.0,False,1,1,0.0,1.0
wealth,-1.0,False,1,1,0.0,1.0
poms,-1.0,False,1,1,0.0,1.0
retro,-1.0,False,1,1,0.0,1.0
assume,-1.0,False,1,1,0.0,1.0
flesh,-1.0,False,1,1,0.0,1.0
bacon,-1.0,False,1,1,0.0,1.0
chinks,-1.0,False,1,1,0.0,1.0
carried,-1.0,False,1,1,0.0,1.0
gawd,-1.0,False,1,1,0.0,1.0
tyga,-1.0,False,1,1,0.0,1.0
stump,-1.0,False,1,1,0.0,1.0
sarah,-1.0,False,1,1,0.0,1.0
slot,-1.0,False,1,1,0.0,1.0
promised,-1.0,False,1,2,0.0,1.0
homegirl,-1.0,False,1,1,0.0,1.0
leo,-1.0,False,1,1,0.0,1.0
prepared,-1.0,False,1,1,0.0,1.0
kitty,-1.0,False,1,2,0.0,1.0
mayonnaise,-1.0,False,1,1,0.0,1.0
rachel,-1.0,False,1,1,0.0,1.0
doodoo,-1.0,False,1,1,0.0,1.0
arroz,-1.0,False,1,1,0.0,1.0
zack,-1.0,False,1,1,0.0,1.0
dads,-1.0,False,1,1,0.0,1.0
ps3,-1.0,False,1,1,0.0,1.0
anderson,-1.0,False,1,1,0.0,1.0
whoever,-1.0,False,1,1,0.0,1.0
belongs,-1.0,False,1,1,0.0,1.0
parachute,-1.0,False,1,1,0.0,1.0
traffic,-1.0,False,1,1,0.0,1.0
128175;&#128076,-1.0,False,1,1,0.0,1.0
penguins,-1.0,False,1,1,0.0,1.0
charlotte,-1.0,False,1,1,0.0,1.0
medicine,-1.0,False,1,1,0.0,1.0
dove,-1.0,False,1,1,0.0,1.0
grandpa,-1.0,False,1,1,0.0,1.0
trash.&#8221,-1.0,False,1,1,0.0,1.0
remembers,-1.0,False,1,1,0.0,1.0
marshall,-1.0,False,1,1,0.0,1.0
burner,-1.0,False,1,1,0.0,1.0
gospel,-1.0,False,1,1,0.0,1.0
decent,-1.0,False,1,1,0.0,1.0
dej,-1.0,False,1,1,0.0,1.0
loaf,-1.0,False,1,1,0.0,1.0
celtics,-1.0,False,1,1,0.0,1.0
students,-1.0,False,1,1,0.0,1.0
triple,-1.0,False,1,1,0.0,1.0
injuries,-1.0,False,1,2,0.0,1.0
breeze,-1.0,False,1,1,0.0,1.0
papoose,-1.0,False,1,1,0.0,1.0
bananas,-1.0,False,1,1,0.0,1.0
mccoy,-1.0,False,1,1,0.0,1.0
crusty,-1.0,False,1,1,0.0,1.0
eggs,-1.0,False,1,1,0.0,1.0
frozen,-1.0,False,1,1,0.0,1.0
128536;&#128536,-1.0,False,1,1,0.0,1.0
gunna,-1.0,False,1,2,0.0,1.0
suggestion,-1.0,False,1,1,0.0,1.0
carrot,-1.0,False,1,1,0.0,1.0
richardson,-1.0,False,1,1,0.0,1.0
levitating,-1.0,False,1,1,0.0,1.0
faggot&#8221,-1.0,False,1,1,0.0,1.0
classics,-1.0,False,1,1,0.0,1.0
space,-1.0,False,1,1,0.0,1.0
represent,-1.0,False,1,1,0.0,1.0
raising,-1.0,False,1,2,0.0,1.0
jumbotron,-1.0,False,1,1,0.0,1.0
oakland,-1.0,False,1,1,0.0,1.0
skating,-1.0,False,1,1,0.0,1.0
naturally,-1.0,False,1,1,0.0,1.0
1x,-1.0,False,1,2,0.0,1.0
emabiggestfans1d,-1.0,False,1,1,0.0,1.0
banning,-1.0,False,1,1,0.0,1.0
dishes,-1.0,False,1,1,0.0,1.0
ashanti,-1.0,False,1,1,0.0,1.0
stockboy,-1.0,False,1,1,0.0,1.0
3d,-1.0,False,1,1,0.0,1.0
youz,-1.0,False,1,1,0.0,1.0
senator,-1.0,False,1,1,0.0,1.0
manziel,-1.0,False,1,1,0.0,1.0
flipped,-1.0,False,1,1,0.0,1.0
asf,-1.0,False,1,1,0.0,1.0
braves,-1.0,False,1,1,0.0,1.0
crisp,-1.0,False,1,1,0.0,1.0
tweaking,-1.0,False,1,1,0.0,1.0
peyton,-1.0,False,1,1,0.0,1.0
manning,-1.0,False,1,1,0.0,1.0
cater,-1.0,False,1,1,0.0,1.0
needa,-1.0,False,1,1,0.0,1.0
rescued,-1.0,False,1,1,0.0,1.0
128035,-1.0,False,1,1,0.0,1.0
asco,-1.0,False,1,1,0.0,1.0
127773,-1.0,False,1,1,0.0,1.0
squaw,-1.0,False,1,1,0.0,1.0
frosting,-1.0,False,1,1,0.0,1.0
faking,-1.0,False,1,1,0.0,1.0
brazilian,-1.0,False,1,1,0.0,1.0
bengali,-1.0,False,1,1,0.0,1.0
bullpen,-1.0,False,1,1,0.0,1.0
anaconda,-1.0,False,1,1,0.0,1.0
assuming,-1.0,False,1,1,0.0,1.0
drones,-1.0,False,1,1,0.0,1.0
pinpoint,-1.0,False,1,1,0.0,1.0
ain&#8217;t,-1.0,False,1,1,0.0,1.0
offseason,-1.0,False,1,1,0.0,1.0
islamic,-1.0,False,1,1,0.0,1.0
pakistan,-1.0,False,1,1,0.0,1.0
128540;&#128540,-1.0,False,1,1,0.0,1.0
tuku,-1.0,False,1,1,0.0,1.0
companies,-1.0,False,1,1,0.0,1.0
kats,-1.0,False,1,1,0.0,1.0
april,-1.0,False,1,1,0.0,1.0
171,-1.0,False,1,1,0.0,1.0
dunkin,-1.0,False,1,1,0.0,1.0
coolatta,-1.0,False,1,1,0.0,1.0
haunt,-1.0,False,1,1,0.0,1.0
pitchers,-1.0,False,1,1,0.0,1.0
clothing,-1.0,False,1,1,0.0,1.0
idol,-1.0,False,1,1,0.0,1.0
mostly,-1.0,False,1,1,0.0,1.0
alarm,-1.0,False,1,1,0.0,1.0
photography,-1.0,False,1,1,0.0,1.0
iconic,-1.0,False,1,1,0.0,1.0
dragons,-1.0,False,1,1,0.0,1.0
128542,-1.0,False,1,1,0.0,1.0
passion,-1.0,False,1,1,0.0,1.0
domino,-1.0,False,1,1,0.0,1.0
gear,-1.0,False,1,1,0.0,1.0
cards,-1.0,False,1,1,0.0,1.0
bodies,-1.0,False,1,1,0.0,1.0
prayer,-1.0,False,1,1,0.0,1.0
hajj,-1.0,False,1,1,0.0,1.0
robertson,-1.0,False,1,1,0.0,1.0
grape,-1.0,False,1,1,0.0,1.0
sierra,-1.0,False,1,1,0.0,1.0
welp,-1.0,False,1,1,0.0,1.0
nyy,-1.0,False,1,1,0.0,1.0
;-),-1.0,False,1,1,0.0,1.0
hay,-1.0,False,1,1,0.0,1.0
coons,-1.0,False,1,2,0.0,1.0
updated,-1.0,False,1,1,0.0,1.0
saltine,-1.0,False,1,1,0.0,1.0
bunny,-1.0,False,1,1,0.0,1.0
regarding,-1.0,False,1,1,0.0,1.0
lowkey,-1.0,False,1,3,0.0,1.0
montana,-1.0,False,1,2,0.0,1.0
climate,-1.0,False,1,1,0.0,1.0
bound,-1.0,False,1,1,0.0,1.0
texans,-1.0,False,1,1,0.0,1.0
gross,-1.0,False,1,1,0.0,1.0
guala,-1.0,False,1,1,0.0,1.0
wars,-1.0,False,1,1,0.0,1.0
vinyl,-1.0,False,1,1,0.0,1.0
purple,-1.0,False,1,1,0.0,1.0
sandwiches,-1.0,False,1,1,0.0,1.0
contacts,-1.0,False,1,1,0.0,1.0
noon,-1.0,False,1,1,0.0,1.0
128553;&#128525,-1.0,False,1,1,0.0,1.0
ofay,-1.0,False,1,1,0.0,1.0
lamar,-1.0,False,1,2,0.0,1.0
third,-1.0,False,1,1,0.0,1.0
lonely,-1.0,False,1,2,0.0,1.0
eagles,-1.0,False,1,1,0.0,1.0
deleted,-1.0,False,1,2,0.0,1.0
ooh,-1.0,False,1,2,0.0,1.0
fails,-1.0,False,1,1,0.0,1.0
elite,-1.0,False,1,1,0.0,1.0
silly,-1.0,False,1,2,0.0,1.0
photos,-1.0,False,1,1,0.0,1.0
kate,-1.0,False,1,1,0.0,1.0
homemade,-1.0,False,1,1,0.0,1.0
soup,-1.0,False,1,1,0.0,1.0
waits,-1.0,False,1,1,0.0,1.0
humanity,-1.0,False,1,1,0.0,1.0
deez,-1.0,False,1,4,0.0,1.0
capri,-1.0,False,1,1,0.0,1.0
determine,-1.0,False,1,2,0.0,1.0
saves,-1.0,False,1,2,0.0,1.0
funky,-1.0,False,1,2,0.0,1.0
cheesy,-1.0,False,1,2,0.0,1.0
singer,-1.0,False,1,1,0.0,1.0
attractive,-1.0,False,1,2,0.0,1.0
nowadays,-1.0,False,1,2,0.0,1.0
trill,-1.0,False,1,3,0.0,1.0
spear,-1.0,False,1,1,0.0,1.0
kris,-1.0,False,1,1,0.0,1.0
griff,-1.0,False,1,1,0.0,1.0
bryan,-1.0,False,1,1,0.0,1.0
bcu,-1.0,False,1,1,0.0,1.0
        ,-1.0,False,1,2,0.0,1.0
expected,-1.0,False,1,2,0.0,1.0
replace,-1.0,False,1,1,0.0,1.0
rooting,-1.0,False,1,1,0.0,1.0
wore,-1.0,False,1,1,0.0,1.0
1069thearrow,-1.0,False,1,1,0.0,1.0
spice,-1.0,False,1,2,0.0,1.0
uknow,-1.0,False,1,1,0.0,1.0
kickin,-1.0,False,1,1,0.0,1.0
golf,-1.0,False,1,1,0.0,1.0
asleep,-1.0,False,1,1,0.0,1.0
driven,-1.0,False,1,1,0.0,1.0
128591,-1.0,False,1,2,0.0,1.0
lemme,-1.0,False,1,1,0.0,1.0
maine,-1.0,False,1,1,0.0,1.0
rays,-1.0,False,1,1,0.0,1.0
showing,-1.0,False,1,1,0.0,1.0
nonsense,-1.0,False,1,1,0.0,1.0
tiki,-1.0,False,1,1,0.0,1.0
stain,-1.0,False,1,1,0.0,1.0
girll,-1.0,False,1,1,0.0,1.0
shades,-1.0,False,1,2,0.0,1.0
yay,-1.0,False,1,2,0.0,1.0
potatoes,-1.0,False,1,1,0.0,1.0
pops,-1.0,False,1,2,0.0,1.0
escort,-1.0,False,1,1,0.0,1.0
128553;&#128557,-1.0,False,1,1,0.0,1.0
sucker,-1.0,False,1,2,0.0,1.0
ewww,-1.0,False,1,1,0.0,1.0
youtube,-1.0,False,1,1,0.0,1.0
blows,-1.0,False,1,1,0.0,1.0
labor,-1.0,False,1,1,0.0,1.0
lovely,-1.0,False,1,1,0.0,1.0
whips,-1.0,False,1,1,0.0,1.0
sink,-1.0,False,1,1,0.0,1.0
spelling,-1.0,False,1,2,0.0,1.0
hoe.&#8221,-1.0,False,1,1,0.0,1.0
bride,-1.0,False,1,1,0.0,1.0
wagon,-1.0,False,1,1,0.0,1.0
latino,-1.0,False,1,1,0.0,1.0
jennings,-1.0,False,1,1,0.0,1.0
bounce,-1.0,False,1,2,0.0,1.0
jackass,-1.0,False,1,1,0.0,1.0
murda,-1.0,False,1,1,0.0,1.0
walkoff,-1.0,False,1,1,0.0,1.0
ichiro,-1.0,False,1,1,0.0,1.0
rubes,-1.0,False,1,1,0.0,1.0
writes,-1.0,False,1,1,0.0,1.0
edm,-1.0,False,1,1,0.0,1.0
bend,-1.0,False,1,1,0.0,1.0
meal,-1.0,False,1,1,0.0,1.0
2013,-1.0,False,1,1,0.0,1.0
glove,-1.0,False,1,1,0.0,1.0
tower,-1.0,False,1,1,0.0,1.0
chara,-1.0,False,1,1,0.0,1.0
coke,-1.0,False,1,1,0.0,1.0
planes,-1.0,False,1,1,0.0,1.0
wut,-1.0,False,1,1,0.0,1.0
sweater,-1.0,False,1,1,0.0,1.0
drawing,-1.0,False,1,1,0.0,1.0
survive,-1.0,False,1,1,0.0,1.0
drops,-1.0,False,1,1,0.0,1.0
reminds,-1.0,False,1,1,0.0,1.0
rider,-1.0,False,1,1,0.0,1.0
shower,-1.0,False,1,1,0.0,1.0
messi,-1.0,False,1,1,0.0,1.0
foley,-1.0,False,1,1,0.0,1.0
interested,-1.0,False,1,1,0.0,1.0
paki,-1.0,False,1,1,0.0,1.0
babes,-1.0,False,1,1,0.0,1.0
homer,-1.0,False,1,1,0.0,1.0
merry,-1.0,False,1,3,0.0,1.0
helped,-1.0,False,1,1,0.0,1.0
harlem,-1.0,False,1,1,0.0,1.0
deer,-1.0,False,1,1,0.0,1.0
worldcup,-1.0,False,1,1,0.0,1.0
nfc,-1.0,False,1,1,0.0,1.0
crayons,-1.0,False,1,1,0.0,1.0
bottles,-1.0,False,1,1,0.0,1.0
vodka,-1.0,False,1,1,0.0,1.0
foul,-1.0,False,1,1,0.0,1.0
kike,-1.0,False,1,1,0.0,1.0
choked,-1.0,False,1,2,0.0,1.0
creatures,-1.0,False,1,1,0.0,1.0
tests,-1.0,False,1,1,0.0,1.0
cleaned,-1.0,False,1,1,0.0,1.0
jackson,-1.0,False,1,1,0.0,1.0
flames,-1.0,False,1,1,0.0,1.0
aliens,-1.0,False,1,1,0.0,1.0
baltimore,-1.0,False,1,1,0.0,1.0
rounds,-1.0,False,1,1,0.0,1.0
lt;--,-1.0,False,1,1,0.0,1.0
whether,-1.0,False,1,1,0.0,1.0
mustache,-1.0,False,1,2,0.0,1.0
bones,-1.0,False,1,1,0.0,1.0
leftover,-1.0,False,1,1,0.0,1.0
shots,-1.0,False,1,2,0.0,1.0
pancakes,-1.0,False,1,2,0.0,1.0
starts,-1.0,False,1,1,0.0,1.0
(:,-1.0,False,1,3,0.0,1.0
clearly,-1.0,False,1,1,0.0,1.0
flipping,-1.0,False,1,1,0.0,1.0
following,-1.0,False,1,2,0.0,1.0
conversation,-1.0,False,1,1,0.0,1.0
banana,-1.0,False,1,2,0.0,1.0
lt;3,-1.0,False,1,2,0.0,1.0
128521,-1.0,False,1,2,0.0,1.0
protest,-1.0,False,1,1,0.0,1.0
bumblebee,-1.0,False,1,1,0.0,1.0
saved,-1.0,False,1,2,0.0,1.0
reply,-1.0,False,1,1,0.0,1.0
hello,-1.0,False,1,1,0.0,1.0
tupac,-1.0,False,1,1,0.0,1.0
savage,-1.0,False,1,1,0.0,1.0
gt;&gt;&gt;&gt,-1.0,False,1,1,0.0,1.0
septic,-1.0,False,1,1,0.0,1.0
roast,-1.0,False,1,1,0.0,1.0
common,-1.0,False,1,1,0.0,1.0
anyways,-1.0,False,1,1,0.0,1.0
hopes,-1.0,False,1,2,0.0,1.0
below,-1.0,False,1,2,0.0,1.0
perfectly,-1.0,False,1,1,0.0,1.0
dms,-1.0,False,1,3,0.0,1.0
building,-1.0,False,1,1,0.0,1.0
wave,-1.0,False,1,1,0.0,1.0
lemon,-1.0,False,1,2,0.0,1.0
pattern,-1.0,False,1,1,0.0,1.0
tinker,-1.0,False,1,1,0.0,1.0
parr,-1.0,False,1,1,0.0,1.0
rebel,-1.0,False,1,1,0.0,1.0
hotel,-1.0,False,1,1,0.0,1.0
staying,-1.0,False,1,1,0.0,1.0
somewhere,-1.0,False,1,2,0.0,1.0
plastic,-1.0,False,1,2,0.0,1.0
adam,-1.0,False,1,1,0.0,1.0
nowplaying,-1.0,False,1,1,0.0,1.0
pumpkin,-1.0,False,1,2,0.0,1.0
cried,-1.0,False,1,1,0.0,1.0
december,-1.0,False,1,1,0.0,1.0
marsh,-1.0,False,1,1,0.0,1.0
lance,-1.0,False,1,1,0.0,1.0
ghettos,-1.0,False,1,1,0.0,1.0
urie,-1.0,False,1,1,0.0,1.0
tonk,-1.0,False,1,1,0.0,1.0
serving,-1.0,False,1,1,0.0,1.0
freshman,-1.0,False,1,1,0.0,1.0
mashed,-1.0,False,1,1,0.0,1.0
spiritual,-1.0,False,1,1,0.0,1.0
tigers,-1.0,False,1,1,0.0,1.0
loose,-1.0,False,1,1,0.0,1.0
nine,-1.0,False,1,2,0.0,1.0
hoi,-1.0,False,1,1,0.0,1.0
feb,-1.0,False,1,1,0.0,1.0
2015,-1.0,False,1,1,0.0,1.0
virginia,-1.0,False,1,1,0.0,1.0
possession,-1.0,False,1,1,0.0,1.0
valentine,-1.0,False,1,1,0.0,1.0
brandon,-1.0,False,1,2,0.0,1.0
lmaoooooo,-1.0,False,1,1,0.0,1.0
pride,-1.0,False,1,1,0.0,1.0
jets,-1.0,False,1,1,0.0,1.0
squad,-1.0,False,1,2,0.0,1.0
dab,-1.0,False,1,1,0.0,1.0
trent,-1.0,False,1,2,0.0,1.0
pineda,-1.0,False,1,1,0.0,1.0
models,-1.0,False,1,1,0.0,1.0
loaded,-1.0,False,1,1,0.0,1.0
dropped,-1.0,False,1,1,0.0,1.0
camera,-1.0,False,1,1,0.0,1.0
saints,-1.0,False,1,1,0.0,1.0
primary,-1.0,False,1,1,0.0,1.0
sauce,-1.0,False,1,1,0.0,1.0
icy,-1.0,False,1,1,0.0,1.0
grey,-1.0,False,1,1,0.0,1.0
that&#8217;s,-1.0,False,1,1,0.0,1.0
studio,-1.0,False,1,1,0.0,1.0
sleepin,-1.0,False,1,1,0.0,1.0
california,-1.0,False,1,1,0.0,1.0
porch,-1.0,False,1,1,0.0,1.0
ahora,-1.0,False,1,1,0.0,1.0
1996,-1.0,False,1,1,0.0,1.0
jokes,-1.0,False,1,1,0.0,1.0
mission,-1.0,False,1,1,0.0,1.0
7th,-1.0,False,1,2,0.0,1.0
cnn,-1.0,False,1,1,0.0,1.0
duck,-1.0,False,1,1,0.0,1.0
:-),-1.0,False,1,1,0.0,1.0
qa,-1.0,False,1,1,0.0,1.0
yelling,-1.0,False,1,1,0.0,1.0
herself,-1.0,False,1,1,0.0,1.0
epic,-1.0,False,1,1,0.0,1.0
romo,-1.0,False,1,1,0.0,1.0
incredible,-1.0,False,1,1,0.0,1.0
fantastic,-1.0,False,1,1,0.0,1.0
lover,-1.0,False,1,3,0.0,1.0
yasss,-1.0,False,1,4,0.0,1.0
makeup,-1.0,False,1,1,0.0,1.0
awful,-1.0,False,1,1,0.0,1.0
singing,-1.0,False,1,3,0.0,1.0
128168,-1.0,False,1,1,0.0,1.0
grandma,-1.0,False,1,1,0.0,1.0
pulling,-1.0,False,1,2,0.0,1.0
rams,-1.0,False,1,1,0.0,1.0
jeff,-1.0,False,1,1,0.0,1.0
jj,-1.0,False,1,2,0.0,1.0
bumble,-1.0,False,1,1,0.0,1.0
truck,-1.0,False,1,2,0.0,1.0
posted,-1.0,False,1,1,0.0,1.0
background,-1.0,False,1,2,0.0,1.0
doors,-1.0,False,1,2,0.0,1.0
original,-1.0,False,1,1,0.0,1.0
fries,-1.0,False,1,1,0.0,1.0
terrorists,-1.0,False,1,1,0.0,1.0
mark,-1.0,False,1,1,0.0,1.0
local,-1.0,False,1,1,0.0,1.0
record,-1.0,False,1,1,0.0,1.0
stopped,-1.0,False,1,2,0.0,1.0
concert,-1.0,False,1,1,0.0,1.0
jeans,-1.0,False,1,1,0.0,1.0
quality,-1.0,False,1,3,0.0,1.0
pathetic,-1.0,False,1,3,0.0,1.0
10084;&#65039,-1.0,False,1,1,0.0,1.0
murphy,-1.0,False,1,1,0.0,1.0
128584,-1.0,False,1,1,0.0,1.0
hunter,-1.0,False,1,1,0.0,1.0
express,-1.0,False,1,2,0.0,1.0
center,-1.0,False,1,1,0.0,1.0
dink,-1.0,False,1,1,0.0,1.0
jersey,-1.0,False,1,1,0.0,1.0
popcorn,-1.0,False,1,2,0.0,1.0
homework,-1.0,False,1,1,0.0,1.0
negative,-1.0,False,1,1,0.0,1.0
severe,-1.0,False,1,1,0.0,1.0
cardinal,-1.0,False,1,1,0.0,1.0
royals,-1.0,False,1,1,0.0,1.0
station,-1.0,False,1,1,0.0,1.0
due,-1.0,False,1,1,0.0,1.0
excited,-1.0,False,1,2,0.0,1.0
belt,-1.0,False,1,1,0.0,1.0
nifo,-1.0,False,1,1,0.0,1.0
league,-1.0,False,1,1,0.0,1.0
grease,-1.0,False,1,1,0.0,1.0
devil,-1.0,False,1,1,0.0,1.0
greg,-1.0,False,1,1,0.0,1.0
hours,-1.0,False,1,1,0.0,1.0
benz,-1.0,False,1,1,0.0,1.0
miracle,-1.0,False,1,1,0.0,1.0
washing,-1.0,False,1,1,0.0,1.0
timeline,-1.0,False,1,1,0.0,1.0
longer,-1.0,False,1,1,0.0,1.0
muzzie,-1.0,False,1,1,0.0,1.0
hockey,-1.0,False,1,1,0.0,1.0
totally,-1.0,False,1,1,0.0,1.0
htgawm,-1.0,False,1,1,0.0,1.0
wv,-1.0,False,1,1,0.0,1.0
128546,-1.0,False,1,1,0.0,1.0
stayin,-1.0,False,1,1,0.0,1.0
explains,-1.0,False,1,2,0.0,1.0
bags,-1.0,False,1,1,0.0,1.0
blog,-1.0,False,1,1,0.0,1.0
titties,-1.0,False,1,3,0.0,1.0
irish,-1.0,False,1,1,0.0,1.0
anchor,-1.0,False,1,1,0.0,1.0
mixtape,-1.0,False,1,2,0.0,1.0
poop,-1.0,False,1,1,0.0,1.0
yup,-1.0,False,1,1,0.0,1.0
quite,-1.0,False,1,1,0.0,1.0
larry,-1.0,False,1,1,0.0,1.0
taco,-1.0,False,1,1,0.0,1.0
pork,-1.0,False,1,1,0.0,1.0
pissed,-1.0,False,1,1,0.0,1.0
uhh,-1.0,False,1,1,0.0,1.0
normal,-1.0,False,1,1,0.0,1.0
trashes,-1.0,False,1,1,0.0,1.0
interesting,-1.0,False,1,1,0.0,1.0
mk,-1.0,False,1,1,0.0,1.0
magic,-1.0,False,1,1,0.0,1.0
pitcher,-1.0,False,1,1,0.0,1.0
turnt,-1.0,False,1,1,0.0,1.0
grass,-1.0,False,1,1,0.0,1.0
matters,-1.0,False,1,1,0.0,1.0
style,-1.0,False,1,1,0.0,1.0
idc,-1.0,False,1,2,0.0,1.0
idgaf,-1.0,False,1,2,0.0,1.0
shape,-1.0,False,1,1,0.0,1.0
border,-1.0,False,1,1,0.0,1.0
alright,-1.0,False,1,4,0.0,1.0
penn,-1.0,False,1,1,0.0,1.0
horse,-1.0,False,1,2,0.0,1.0
otl,-1.0,False,1,1,0.0,1.0
boring,-1.0,False,1,2,0.0,1.0
bare,-1.0,False,1,2,0.0,1.0
crying,-1.0,False,1,2,0.0,1.0
jon,-1.0,False,1,1,0.0,1.0
whipped,-1.0,False,1,1,0.0,1.0
blessjesus,-1.0,False,1,1,0.0,1.0
wasp,-1.0,False,1,1,0.0,1.0
starburst,-1.0,False,1,1,0.0,1.0
ios,-1.0,False,1,1,0.0,1.0
tina,-1.0,False,1,1,0.0,1.0
album,-1.0,False,1,1,0.0,1.0
reach,-1.0,False,1,1,0.0,1.0
spot,-1.0,False,1,1,0.0,1.0
definitely,-1.0,False,1,1,0.0,1.0
talks,-1.0,False,1,1,0.0,1.0
skip,-1.0,False,1,2,0.0,1.0
js,-1.0,False,1,2,0.0,1.0
fest,-1.0,False,1,1,0.0,1.0
target,-1.0,False,1,1,0.0,1.0
huge,-1.0,False,1,1,0.0,1.0
coloured,-1.0,False,1,1,0.0,1.0
sob,-1.0,False,1,1,0.0,1.0
general,-1.0,False,1,1,0.0,1.0
cole,-1.0,False,1,2,0.0,1.0
understood,-1.0,False,1,1,0.0,1.0
holds,-1.0,False,1,1,0.0,1.0
sweep,-1.0,False,1,1,0.0,1.0
orleans,-1.0,False,1,2,0.0,1.0
igot,-1.0,False,1,1,0.0,1.0
5sos,-1.0,False,1,1,0.0,1.0
pants,-1.0,False,1,1,0.0,1.0
sneak,-1.0,False,1,1,0.0,1.0
science,-1.0,False,1,2,0.0,1.0
cakes,-1.0,False,1,1,0.0,1.0
beef,-1.0,False,1,2,0.0,1.0
questions,-1.0,False,1,2,0.0,1.0
:/,-1.0,False,1,1,0.0,1.0
bowl,-1.0,False,1,1,0.0,1.0
internet,-1.0,False,1,1,0.0,1.0
bronx,-1.0,False,1,1,0.0,1.0
facebook,-1.0,False,1,1,0.0,1.0
session,-1.0,False,1,1,0.0,1.0
democratic,-1.0,False,1,1,0.0,1.0
shall,-1.0,False,1,1,0.0,1.0
crowd,-1.0,False,1,1,0.0,1.0
wheel,-1.0,False,1,1,0.0,1.0
lived,-1.0,False,1,1,0.0,1.0
brazil,-1.0,False,1,1,0.0,1.0
tus,-1.0,False,1,1,0.0,1.0
episode,-1.0,False,1,1,0.0,1.0
chop,-1.0,False,1,1,0.0,1.0
sandwich,-1.0,False,1,1,0.0,1.0
hubby,-1.0,False,1,1,0.0,1.0
desi,-1.0,False,1,1,0.0,1.0
famous,-1.0,False,1,2,0.0,1.0
language,-1.0,False,1,1,0.0,1.0
lmaooooo,-1.0,False,1,1,0.0,1.0
blind,-1.0,False,1,2,0.0,1.0
wilson,-1.0,False,1,1,0.0,1.0
dinner,-1.0,False,1,2,0.0,1.0
don&#8217;t,-1.0,False,1,2,0.0,1.0
sucks,-1.0,False,1,1,0.0,1.0
;),-1.0,False,1,3,0.0,1.0
bucket,-1.0,False,1,2,0.0,1.0
looked,-1.0,False,1,2,0.0,1.0
sour,-1.0,False,1,1,0.0,1.0
eyebrows,-1.0,False,1,3,0.0,1.0
teeth,-1.0,False,1,2,0.0,1.0
rihanna,-1.0,False,1,3,0.0,1.0
retweet,-1.0,False,1,3,0.0,1.0
9th,-1.0,False,1,1,0.0,1.0
oops,-1.0,False,1,1,0.0,1.0
thru,-1.0,False,1,1,0.0,1.0
losing,-1.0,False,1,2,0.0,1.0
cowboy,-1.0,False,1,1,0.0,1.0
blast,-1.0,False,1,1,0.0,1.0
motion,-1.0,False,1,2,0.0,1.0
teams,-1.0,False,1,3,0.0,1.0
agree,-1.0,False,1,1,0.0,1.0
verse,-1.0,False,1,1,0.0,1.0
awesome,-1.0,False,1,1,0.0,1.0
steak,-1.0,False,1,3,0.0,1.0
page,-1.0,False,1,1,0.0,1.0
hairy,-1.0,False,1,1,0.0,1.0
flag,-1.0,False,1,1,0.0,1.0
died,-1.0,False,1,2,0.0,1.0
advice,-1.0,False,1,1,0.0,1.0
period,-1.0,False,1,2,0.0,1.0
twat,-1.0,False,1,5,0.0,1.0
bai,-1.0,False,1,1,0.0,1.0
quote,-1.0,False,1,2,0.0,1.0
soooo,-1.0,False,1,3,0.0,1.0
fill,-1.0,False,1,1,0.0,1.0
size,-1.0,False,1,1,0.0,1.0
diet,-1.0,False,1,2,0.0,1.0
blocked,-1.0,False,1,1,0.0,1.0
trade,-1.0,False,1,1,0.0,1.0
riff,-1.0,False,1,1,0.0,1.0
raff,-1.0,False,1,1,0.0,1.0
typical,-1.0,False,1,1,0.0,1.0
twinkies,-1.0,False,1,1,0.0,1.0
:3,-1.0,False,1,1,0.0,1.0
128686,-1.0,False,1,1,0.0,1.0
review,-1.0,False,1,1,0.0,1.0
soft,-1.0,False,1,2,0.0,1.0
jim,-1.0,False,1,1,0.0,1.0
bf,-1.0,False,1,1,0.0,1.0
sock,-1.0,False,1,1,0.0,1.0
congrats,-1.0,False,1,1,0.0,1.0
farewellcaptain,-1.0,False,1,1,0.0,1.0
minutes,-1.0,False,1,1,0.0,1.0
james,-1.0,False,1,2,0.0,1.0
scary,-1.0,False,1,1,0.0,1.0
rude,-1.0,False,1,1,0.0,1.0
french,-1.0,False,1,1,0.0,1.0
boi,-1.0,False,1,1,0.0,1.0
drugs,-1.0,False,1,1,0.0,1.0
watched,-1.0,False,1,1,0.0,1.0
standing,-1.0,False,1,1,0.0,1.0
syria,-1.0,False,1,1,0.0,1.0
starting,-1.0,False,1,1,0.0,1.0
throwing,-1.0,False,1,1,0.0,1.0
4th,-1.0,False,1,1,0.0,1.0
store,-1.0,False,1,2,0.0,1.0
128532,-1.0,False,1,3,0.0,1.0
screen,-1.0,False,1,1,0.0,1.0
challenge,-1.0,False,1,1,0.0,1.0
leaves,-1.0,False,1,1,0.0,1.0
wine,-1.0,False,1,1,0.0,1.0
played,-1.0,False,1,2,0.0,1.0
anybody,-1.0,False,1,1,0.0,1.0
dudes,-1.0,False,1,3,0.0,1.0
chuck,-1.0,False,1,2,0.0,1.0
nfl,-1.0,False,1,2,0.0,1.0
pep,-1.0,False,1,1,0.0,1.0
basically,-1.0,False,1,1,0.0,1.0
ware,-1.0,False,1,1,0.0,1.0
cheating,-1.0,False,1,2,0.0,1.0
followers,-1.0,False,1,1,0.0,1.0
court,-1.0,False,1,2,0.0,1.0
forgot,-1.0,False,1,3,0.0,1.0
dogs,-1.0,False,1,1,0.0,1.0
poor,-1.0,False,1,1,0.0,1.0
cover,-1.0,False,1,2,0.0,1.0
complete,-1.0,False,1,1,0.0,1.0
auto,-1.0,False,1,1,0.0,1.0
correct,-1.0,False,1,1,0.0,1.0
cars,-1.0,False,1,2,0.0,1.0
names,-1.0,False,1,1,0.0,1.0
bottle,-1.0,False,1,2,0.0,1.0
gang,-1.0,False,1,1,0.0,1.0
spend,-1.0,False,1,2,0.0,1.0
dear,-1.0,False,1,1,0.0,1.0
bey,-1.0,False,1,1,0.0,1.0
cary,-1.0,False,1,1,0.0,1.0
selfie,-1.0,False,1,1,0.0,1.0
scally,-1.0,False,1,3,0.0,1.0
rugs,-1.0,False,1,1,0.0,1.0
film,-1.0,False,1,1,0.0,1.0
lunch,-1.0,False,1,3,0.0,1.0
juice,-1.0,False,1,2,0.0,1.0
steal,-1.0,False,1,2,0.0,1.0
38,-1.0,False,1,1,0.0,1.0
alone,-1.0,False,1,1,0.0,1.0
pizza,-1.0,False,1,2,0.0,1.0
british,-1.0,False,1,1,0.0,1.0
defeat,-1.0,False,1,1,0.0,1.0
gag,-1.0,False,1,1,0.0,1.0
smith,-1.0,False,1,1,0.0,1.0
pictures,-1.0,False,1,1,0.0,1.0
thick,-1.0,False,1,2,0.0,1.0
artist,-1.0,False,1,2,0.0,1.0
paul,-1.0,False,1,1,0.0,1.0
nsa,-1.0,False,1,1,0.0,1.0
twerk,-1.0,False,1,2,0.0,1.0
sometimes,-1.0,False,1,3,0.0,1.0
garbage,-1.0,False,1,1,0.0,1.0
128524,-1.0,False,1,2,0.0,1.0
pete,-1.0,False,1,1,0.0,1.0
glad,-1.0,False,1,1,0.0,1.0
entire,-1.0,False,1,2,0.0,1.0
ending,-1.0,False,1,1,0.0,1.0
cart,-1.0,False,1,1,0.0,1.0
apple,-1.0,False,1,2,0.0,1.0
yee,-1.0,False,1,1,0.0,1.0
128581,-1.0,False,1,3,0.0,1.0
plays,-1.0,False,1,1,0.0,1.0
yourself,-1.0,False,1,1,0.0,1.0
president,-1.0,False,1,1,0.0,1.0
worse,-1.0,False,1,2,0.0,1.0
cum,-1.0,False,1,1,0.0,1.0
points,-1.0,False,1,1,0.0,1.0
score,-1.0,False,1,1,0.0,1.0
breakfast,-1.0,False,1,1,0.0,1.0
finna,-1.0,False,1,1,0.0,1.0
dying,-1.0,False,1,1,0.0,1.0
history,-1.0,False,1,1,0.0,1.0
tweeting,-1.0,False,1,3,0.0,1.0
rush,-1.0,False,1,1,0.0,1.0
seeing,-1.0,False,1,1,0.0,1.0
working,-1.0,False,1,2,0.0,1.0
spell,-1.0,False,1,3,0.0,1.0
boon,-1.0,False,1,1,0.0,1.0
fool,-1.0,False,1,3,0.0,1.0
yard,-1.0,False,1,1,0.0,1.0
somebody,-1.0,False,1,2,0.0,1.0
police,-1.0,False,1,1,0.0,1.0
info,-1.0,False,1,1,0.0,1.0
lebron,-1.0,False,1,3,0.0,1.0
liberal,-1.0,False,1,1,0.0,1.0
fob,-1.0,False,1,1,0.0,1.0
twinkie,-1.0,False,1,1,0.0,1.0
gif,-1.0,False,1,1,0.0,1.0
rather,-1.0,False,1,2,0.0,1.0
hau,-1.0,False,1,1,0.0,1.0
sister,-1.0,False,1,2,0.0,1.0
hanging,-1.0,False,1,1,0.0,1.0
hide,-1.0,False,1,2,0.0,1.0
awe,-1.0,False,1,1,0.0,1.0
flu,-1.0,False,1,1,0.0,1.0
link,-1.0,False,1,1,0.0,1.0
across,-1.0,False,1,2,0.0,1.0
imo,-1.0,False,1,1,0.0,1.0
beans,-1.0,False,1,1,0.0,1.0
attention,-1.0,False,1,2,0.0,1.0
potato,-1.0,False,1,1,0.0,1.0
128522,-1.0,False,1,1,0.0,1.0
iubb,-1.0,False,1,1,0.0,1.0
office,-1.0,False,1,1,0.0,1.0
babe,-1.0,False,1,1,0.0,1.0
locked,-1.0,False,1,1,0.0,1.0
slip,-1.0,False,1,1,0.0,1.0
kat,-1.0,False,1,1,0.0,1.0
bees,-1.0,False,1,1,0.0,1.0
florida,-1.0,False,1,1,0.0,1.0
waiting,-1.0,False,1,2,0.0,1.0
weeks,-1.0,False,1,1,0.0,1.0
seriously,-1.0,False,1,2,0.0,1.0
monday,-1.0,False,1,4,0.0,1.0
purpose,-1.0,False,1,1,0.0,1.0
touch,-1.0,False,1,2,0.0,1.0
fran,-1.0,False,1,1,0.0,1.0
nem,-1.0,False,1,1,0.0,1.0
push,-1.0,False,1,2,0.0,1.0
easy,-1.0,False,1,1,0.0,1.0
usa,-1.0,False,1,1,0.0,1.0
trans,-1.0,False,1,1,0.0,1.0
chunk,-1.0,False,1,1,0.0,1.0
td,-1.0,False,1,1,0.0,1.0
hero,-1.0,False,1,1,0.0,1.0
lots,-1.0,False,1,1,0.0,1.0
bless,-1.0,False,1,2,0.0,1.0
offensive,-1.0,False,1,1,0.0,1.0
okies,-1.0,False,1,1,0.0,1.0
abu,-1.0,False,1,1,0.0,1.0
spit,-1.0,False,1,1,0.0,1.0
"porn,#android,#iphone,#ipad,#sex,#xxx",-1.0,False,1,1,0.0,1.0
south,-1.0,False,1,1,0.0,1.0
report,-1.0,False,1,1,0.0,1.0
alex,-1.0,False,1,1,0.0,1.0
mets,-1.0,False,1,1,0.0,1.0
send,-1.0,False,1,4,0.0,1.0
jigg,-1.0,False,1,1,0.0,1.0
uses,-1.0,False,1,2,0.0,1.0
mick,-1.0,False,1,2,0.0,1.0
bell,-1.0,False,1,1,0.0,1.0
trap,-1.0,False,1,2,0.0,1.0
cup,-1.0,False,1,1,0.0,1.0
track,-1.0,False,1,1,0.0,1.0
bud,-1.0,False,1,2,0.0,1.0
aka,-1.0,False,1,2,0.0,1.0
rod,-1.0,False,1,1,0.0,1.0
paid,-1.0,False,1,2,0.0,1.0
daddy,-1.0,False,1,1,0.0,1.0
knock,-1.0,False,1,1,0.0,1.0
price,-1.0,False,1,3,0.0,1.0
football,-1.0,False,1,2,0.0,1.0
glo,-1.0,False,1,1,0.0,1.0
songs,-1.0,False,1,2,0.0,1.0
wants,-1.0,False,1,1,0.0,1.0
inna,-1.0,False,1,1,0.0,1.0
river,-1.0,False,1,1,0.0,1.0
basketball,-1.0,False,1,2,0.0,1.0
kit,-1.0,False,1,1,0.0,1.0
fucks,-1.0,False,1,3,0.0,1.0
fresh,-1.0,False,1,3,0.0,1.0
dance,-1.0,False,1,4,0.0,1.0
offs,-1.0,False,1,1,0.0,1.0
taste,-1.0,False,1,3,0.0,1.0
become,-1.0,False,1,3,0.0,1.0
during,-1.0,False,1,2,0.0,1.0
texas,-1.0,False,1,1,0.0,1.0
rose,-1.0,False,1,1,0.0,1.0
power,-1.0,False,1,1,0.0,1.0
smell,-1.0,False,1,1,0.0,1.0
past,-1.0,False,1,1,0.0,1.0
none,-1.0,False,1,1,0.0,1.0
booty,-1.0,False,1,7,0.0,1.0
takes,-1.0,False,1,2,0.0,1.0
mental,-1.0,False,1,1,0.0,1.0
tank,-1.0,False,1,1,0.0,1.0
bull,-1.0,False,1,1,0.0,1.0
128525;&#128525,-1.0,False,1,2,0.0,1.0
group,-1.0,False,1,2,0.0,1.0
nick,-1.0,False,1,1,0.0,1.0
sense,-1.0,False,1,1,0.0,1.0
seem,-1.0,False,1,1,0.0,1.0
mix,-1.0,False,1,1,0.0,1.0
hoosiers,-1.0,False,1,1,0.0,1.0
pain,-1.0,False,1,1,0.0,1.0
45,-1.0,False,1,1,0.0,1.0
burn,-1.0,False,1,1,0.0,1.0
fake,-1.0,False,1,6,0.0,1.0
sexy,-1.0,False,1,4,0.0,1.0
fine,-1.0,False,1,4,0.0,1.0
feelings,-1.0,False,1,4,0.0,1.0
chance,-1.0,False,1,2,0.0,1.0
killed,-1.0,False,1,2,0.0,1.0
west,-1.0,False,1,1,0.0,1.0
rich,-1.0,False,1,1,0.0,1.0
scream,-1.0,False,1,2,0.0,1.0
tall,-1.0,False,1,1,0.0,1.0
error,-1.0,False,1,1,0.0,1.0
corn,-1.0,False,1,2,0.0,1.0
idea,-1.0,False,1,1,0.0,1.0
human,-1.0,False,1,1,0.0,1.0
dump,-1.0,False,1,1,0.0,1.0
xx,-1.0,False,1,1,0.0,1.0
hits,-1.0,False,1,1,0.0,1.0
mill,-1.0,False,1,1,0.0,1.0
unless,-1.0,False,1,3,0.0,1.0
128526,-1.0,False,1,5,0.0,1.0
queer,-1.0,False,1,2,0.0,1.0
alu,-1.0,False,1,1,0.0,1.0
order,-1.0,False,1,1,0.0,1.0
term,-1.0,False,1,1,0.0,1.0
128128,-1.0,False,1,1,0.0,1.0
pics,-1.0,False,1,4,0.0,1.0
weekend,-1.0,False,1,3,0.0,1.0
through,-1.0,False,1,3,0.0,1.0
short,-1.0,False,1,2,0.0,1.0
literally,-1.0,False,1,3,0.0,1.0
bbl,-1.0,False,1,1,0.0,1.0
tone,-1.0,False,1,1,0.0,1.0
few,-1.0,False,1,1,0.0,1.0
stadium,-1.0,False,1,1,0.0,1.0
step,-1.0,False,1,1,0.0,1.0
anyone,-1.0,False,1,2,0.0,1.0
sad,-1.0,False,1,3,0.0,1.0
catch,-1.0,False,1,5,0.0,1.0
nate,-1.0,False,1,1,0.0,1.0
coming,-1.0,False,1,2,0.0,1.0
republican,-1.0,False,1,1,0.0,1.0
clean,-1.0,False,1,3,0.0,1.0
stfu,-1.0,False,1,3,0.0,1.0
asked,-1.0,False,1,1,0.0,1.0
tip,-1.0,False,1,2,0.0,1.0
road,-1.0,False,1,1,0.0,1.0
draft,-1.0,False,1,1,0.0,1.0
actin,-1.0,False,1,2,0.0,1.0
shot,-1.0,False,1,1,0.0,1.0
using,-1.0,False,1,1,0.0,1.0
bron,-1.0,False,1,1,0.0,1.0
save,-1.0,False,1,8,0.0,1.0
which,-1.0,False,1,1,0.0,1.0
jack,-1.0,False,1,1,0.0,1.0
.......,-1.0,False,1,3,0.0,1.0
sf,-1.0,False,1,1,0.0,1.0
laugh,-1.0,False,1,1,0.0,1.0
without,-1.0,False,1,5,0.0,1.0
either,-1.0,False,1,5,0.0,1.0
aim,-1.0,False,1,1,0.0,1.0
front,-1.0,False,1,2,0.0,1.0
problem,-1.0,False,1,2,0.0,1.0
against,-1.0,False,1,2,0.0,1.0
sox,-1.0,False,1,1,0.0,1.0
wind,-1.0,False,1,1,0.0,1.0
layer,-1.0,False,1,1,0.0,1.0
matter,-1.0,False,1,4,0.0,1.0
calling,-1.0,False,1,7,0.0,1.0
comes,-1.0,False,1,4,0.0,1.0
2014,-1.0,False,1,2,0.0,1.0
sun,-1.0,False,1,1,0.0,1.0
times,-1.0,False,1,4,0.0,1.0
child,-1.0,False,1,1,0.0,1.0
wtf,-1.0,False,1,3,0.0,1.0
gay,-1.0,False,1,3,0.0,1.0
water,-1.0,False,1,2,0.0,1.0
95,-1.0,False,1,1,0.0,1.0
gave,-1.0,False,1,2,0.0,1.0
close,-1.0,False,1,4,0.0,1.0
already,-1.0,False,1,4,0.0,1.0
reason,-1.0,False,1,3,0.0,1.0
128588,-1.0,False,1,4,0.0,1.0
tad,-1.0,False,1,1,0.0,1.0
feat,-1.0,False,1,1,0.0,1.0
fit,-1.0,False,1,1,0.0,1.0
street,-1.0,False,1,1,0.0,1.0
bc,-1.0,False,1,2,0.0,1.0
mine,-1.0,False,1,4,0.0,1.0
tired,-1.0,False,1,2,0.0,1.0
american,-1.0,False,1,2,0.0,1.0
book,-1.0,False,1,1,0.0,1.0
fans,-1.0,False,1,1,0.0,1.0
cry,-1.0,False,1,1,0.0,1.0
umm,-1.0,False,1,1,0.0,1.0
dad,-1.0,False,1,1,0.0,1.0
128514;&#128557,-1.0,False,1,2,0.0,1.0
plane,-1.0,False,1,1,0.0,1.0
hurt,-1.0,False,1,4,0.0,1.0
$,-1.0,False,1,2,0.0,1.0
favor,-1.0,False,1,1,0.0,1.0
callin,-1.0,False,1,1,0.0,1.0
kind,-1.0,False,1,3,0.0,1.0
ride,-1.0,False,1,4,0.0,1.0
sell,-1.0,False,1,3,0.0,1.0
rally,-1.0,False,1,1,0.0,1.0
pay,-1.0,False,1,2,0.0,1.0
came,-1.0,False,1,3,0.0,1.0
everyone,-1.0,False,1,1,0.0,1.0
cop,-1.0,False,1,1,0.0,1.0
joe,-1.0,False,1,1,0.0,1.0
leave,-1.0,False,1,5,0.0,1.0
room,-1.0,False,1,1,0.0,1.0
ago,-1.0,False,1,2,0.0,1.0
says,-1.0,False,1,4,0.0,1.0
anything,-1.0,False,1,3,0.0,1.0
until,-1.0,False,1,4,0.0,1.0
dc,-1.0,False,1,1,0.0,1.0
roll,-1.0,False,1,2,0.0,1.0
left,-1.0,False,1,2,0.0,1.0
yu,-1.0,False,1,3,0.0,1.0
64,-1.0,False,1,1,0.0,1.0
tow,-1.0,False,1,1,0.0,1.0
story,-1.0,False,1,2,0.0,1.0
took,-1.0,False,1,6,0.0,1.0
feeling,-1.0,False,1,3,0.0,1.0
chr,-1.0,False,1,1,0.0,1.0
place,-1.0,False,1,1,0.0,1.0
tree,-1.0,False,1,1,0.0,1.0
woman,-1.0,False,1,7,0.0,1.0
anti,-1.0,False,1,1,0.0,1.0
swear,-1.0,False,1,11,0.0,1.0
tryin,-1.0,False,1,4,0.0,1.0
13,-1.0,False,1,1,0.0,1.0
sum,-1.0,False,1,3,0.0,1.0
fav,-1.0,False,1,3,0.0,1.0
wif,-1.0,False,1,1,0.0,1.0
set,-1.0,False,1,4,0.0,1.0
ears,-1.0,False,1,2,0.0,1.0
tee,-1.0,False,1,1,0.0,1.0
lowe,-1.0,False,1,1,0.0,1.0
nj,-1.0,False,1,1,0.0,1.0
bama,-1.0,False,1,1,0.0,1.0
cheat,-1.0,False,1,4,0.0,1.0
makin,-1.0,False,1,2,0.0,1.0
slope,-1.0,False,1,1,0.0,1.0
female,-1.0,False,1,2,0.0,1.0
pub,-1.0,False,1,1,0.0,1.0
job,-1.0,False,1,4,0.0,1.0
cap,-1.0,False,1,1,0.0,1.0
cus,-1.0,False,1,1,0.0,1.0
san,-1.0,False,1,3,0.0,1.0
lose,-1.0,False,1,1,0.0,1.0
tag,-1.0,False,1,2,0.0,1.0
follow,-1.0,False,1,4,0.0,1.0
earl,-1.0,False,1,1,0.0,1.0
pie,-1.0,False,1,2,0.0,1.0
hs,-1.0,False,1,1,0.0,1.0
bin,-1.0,False,1,1,0.0,1.0
vid,-1.0,False,1,1,0.0,1.0
cool,-1.0,False,1,4,0.0,1.0
won,-1.0,False,1,2,0.0,1.0
fai,-1.0,False,1,1,0.0,1.0
high,-1.0,False,1,3,0.0,1.0
dan,-1.0,False,1,2,0.0,1.0
fat,-1.0,False,1,12,0.0,1.0
lip,-1.0,False,1,2,0.0,1.0
ita,-1.0,False,1,1,0.0,1.0
havin,-1.0,False,1,1,0.0,1.0
under,-1.0,False,1,2,0.0,1.0
niggah,1.0,False,1,25,1.0,0.0
suck,-1.0,False,1,10,0.0,1.0
doin,-1.0,False,1,2,0.0,1.0
pan,-1.0,False,1,1,0.0,1.0
erica,-1.0,False,1,1,0.0,1.0
while,-1.0,False,1,5,0.0,1.0
mel,-1.0,False,1,1,0.0,1.0
lad,-1.0,False,1,3,0.0,1.0
late,-1.0,False,1,2,0.0,1.0
wing,-1.0,False,1,1,0.0,1.0
eric,-1.0,False,1,1,0.0,1.0
hell,-1.0,False,1,9,0.0,1.0
que,-1.0,False,1,1,0.0,1.0
aye,-1.0,False,1,2,0.0,1.0
lap,-1.0,False,1,1,0.0,1.0
rio,-1.0,False,1,1,0.0,1.0
hand,-1.0,False,1,3,0.0,1.0
hick,-1.0,False,1,1,0.0,1.0
turn,-1.0,False,1,9,0.0,1.0
sis,-1.0,False,1,1,0.0,1.0
gt,-1.0,False,1,3,0.0,1.0
care,-1.0,False,1,6,0.0,1.0
crack,-1.0,False,1,3,0.0,1.0
skin,-1.0,False,1,2,0.0,1.0
yes,-1.0,False,1,4,0.0,1.0
50,-1.0,False,1,3,0.0,1.0
show,-1.0,False,1,4,0.0,1.0
bs,-1.0,False,1,1,0.0,1.0
part,-1.0,False,1,1,0.0,1.0
dick,-1.0,False,1,20,0.0,1.0
talkin,-1.0,False,1,4,0.0,1.0
sex,-1.0,False,1,1,0.0,1.0
head,-1.0,False,1,8,0.0,1.0
bel,-1.0,False,1,1,0.0,1.0
nf,-1.0,False,1,1,0.0,1.0
fag,-1.0,False,1,10,0.0,1.0
rob,-1.0,False,1,1,0.0,1.0
die,-1.0,False,1,6,0.0,1.0
body,-1.0,False,1,3,0.0,1.0
liv,-1.0,False,1,1,0.0,1.0
don,-1.0,False,1,1,0.0,1.0
ski,-1.0,False,1,1,0.0,1.0
read,-1.0,False,1,2,0.0,1.0
ask,-1.0,False,1,4,0.0,1.0
nat,-1.0,False,1,1,0.0,1.0
bein,-1.0,False,1,3,0.0,1.0
ws,-1.0,False,1,2,0.0,1.0
bra,-1.0,False,1,1,0.0,1.0
star,-1.0,False,1,1,0.0,1.0
10,-1.0,False,1,1,0.0,1.0
mad,-1.0,False,1,5,0.0,1.0
met,-1.0,False,1,2,0.0,1.0
ron,-1.0,False,1,1,0.0,1.0
pin,-1.0,False,1,1,0.0,1.0
eli,-1.0,False,1,1,0.0,1.0
key,-1.0,False,1,2,0.0,1.0
ian,-1.0,False,1,1,0.0,1.0
80,-1.0,False,1,1,0.0,1.0
dis,-1.0,False,1,12,0.0,1.0
tan,-1.0,False,1,1,0.0,1.0
ring,-1.0,False,1,2,0.0,1.0
till,-1.0,False,1,4,0.0,1.0
17,-1.0,False,1,1,0.0,1.0
fin,-1.0,False,1,1,0.0,1.0
81,-1.0,False,1,1,0.0,1.0
hr,-1.0,False,1,1,0.0,1.0
min,-1.0,False,1,1,0.0,1.0
q,-1.0,False,1,1,0.0,1.0
men,-1.0,False,1,1,0.0,1.0
pro,-1.0,False,1,2,0.0,1.0
app,-1.0,False,1,1,0.0,1.0
con,-1.0,False,1,1,0.0,1.0
son,-1.0,False,1,10,0.0,1.0
sho,-1.0,False,1,1,0.0,1.0
abo,-1.0,False,1,1,0.0,1.0
sc,-1.0,False,1,1,0.0,1.0
lie,-1.0,False,1,6,0.0,1.0
low,-1.0,False,1,2,0.0,1.0
ff,-1.0,False,1,1,0.0,1.0
pussy,-1.0,False,1,123,0.0,1.0
'm,-1.0,False,1,2,0.0,1.0
vi,-1.0,False,1,1,0.0,1.0
hoes,1.0,False,1,181,1.0,0.0
cr,-1.0,False,1,1,0.0,1.0
21,-1.0,False,1,1,0.0,1.0
8230,-1.0,False,1,1,0.0,1.0
wit,-1.0,False,1,12,0.0,1.0
che,-1.0,False,1,1,0.0,1.0
si,-1.0,False,1,1,0.0,1.0
128,-1.0,False,1,1,0.0,1.0
di,-1.0,False,1,1,0.0,1.0
12,-1.0,False,1,2,0.0,1.0
mo,-1.0,False,1,3,0.0,1.0
j,-1.0,False,1,1,0.0,1.0
wi,-1.0,False,1,1,0.0,1.0
la,-1.0,False,1,1,0.0,1.0
tha,-1.0,False,1,2,0.0,1.0
ig,-1.0,False,1,4,0.0,1.0
ti,-1.0,False,1,1,0.0,1.0
li,-1.0,False,1,1,0.0,1.0
itch,-1.0,False,1,1,0.0,1.0
al,-1.0,False,1,1,0.0,1.0
st,-1.0,False,1,1,0.0,1.0
v,-1.0,False,1,1,0.0,1.0
re,-1.0,False,1,1,0.0,1.0
p,-1.0,False,1,1,0.0,1.0
w,-1.0,False,1,2,0.0,1.0
d,-1.0,False,1,7,0.0,1.0
r,-1.0,False,1,2,0.0,1.0
supposed,-0.9824561403508771,False,1,1,0.0,1.0
talked,-0.9818181818181818,False,1,1,0.0,1.0
turned,-0.9811320754716981,False,1,2,0.0,1.0
keeps,-0.9807692307692307,False,1,1,0.0,1.0
tingly,-0.9803921568627451,False,1,1,0.0,1.0
baylor,-0.9803921568627451,False,1,1,0.0,1.0
argie,-0.9803921568627451,False,1,1,0.0,1.0
chirpin,-0.9803921568627451,False,1,1,0.0,1.0
centuries,-0.9803921568627451,False,1,1,0.0,1.0
mook/,-0.9803921568627451,False,1,1,0.0,1.0
downie,-0.9803921568627451,False,1,1,0.0,1.0
goth,-0.9803921568627451,False,1,1,0.0,1.0
bearded,-0.9803921568627451,False,1,1,0.0,1.0
rowdy,-0.9803921568627451,False,1,1,0.0,1.0
reblogged,-0.9803921568627451,False,1,1,0.0,1.0
smearing,-0.9803921568627451,False,1,1,0.0,1.0
bitchier,-0.9803921568627451,False,1,1,0.0,1.0
hungover,-0.9803921568627451,False,1,1,0.0,1.0
trash&#187,-0.9803921568627451,False,1,1,0.0,1.0
some&#160;pussy,-0.9803921568627451,False,1,1,0.0,1.0
lovehim,-0.9803921568627451,False,1,1,0.0,1.0
fold,-0.9803921568627451,False,1,1,0.0,1.0
snapped,-0.9803921568627451,False,1,1,0.0,1.0
velvet,-0.9803921568627451,False,1,1,0.0,1.0
allowed,-0.9803921568627451,False,1,1,0.0,1.0
judge,-0.9803921568627451,False,1,1,0.0,1.0
yokel,-0.9803921568627451,False,1,1,0.0,1.0
shock,-0.9803921568627451,False,1,1,0.0,1.0
supreme,-0.9803921568627451,False,1,1,0.0,1.0
mocking,-0.9803921568627451,False,1,1,0.0,1.0
pound,-0.9803921568627451,False,1,1,0.0,1.0
faces,-0.9803921568627451,False,1,1,0.0,1.0
yesterday,-0.9803921568627451,False,1,1,0.0,1.0
fear,-0.9803921568627451,False,1,1,0.0,1.0
bought,-0.9803921568627451,False,1,1,0.0,1.0
stuck,-0.9803921568627451,False,1,1,0.0,1.0
knew,-0.9803921568627451,False,1,3,0.0,1.0
heated,-0.9803921568627451,False,1,2,0.0,1.0
killing,-0.9803921568627451,False,1,1,0.0,1.0
biggest,-0.9803921568627451,False,1,2,0.0,1.0
smokin,-0.9803921568627451,False,1,1,0.0,1.0
remind,-0.9803921568627451,False,1,1,0.0,1.0
weed,-0.9803921568627451,False,1,5,0.0,1.0
feed,-0.9803921568627451,False,1,2,0.0,1.0
quick,-0.9803921568627451,False,1,4,0.0,1.0
naw,-0.9803921568627451,False,1,5,0.0,1.0
realize,-0.9803921568627451,False,1,3,0.0,1.0
jam,-0.9803921568627451,False,1,1,0.0,1.0
dream,-0.9803921568627451,False,1,1,0.0,1.0
smoke,-0.9803921568627451,False,1,8,0.0,1.0
nut,-0.9803921568627451,False,1,1,0.0,1.0
rick,-0.9803921568627451,False,1,2,0.0,1.0
neck,-0.9803921568627451,False,1,3,0.0,1.0
grew,-0.9733333333333334,False,1,2,0.0,1.0
sounded,-0.971830985915493,False,1,1,0.0,1.0
sleepy,-0.971830985915493,False,1,1,0.0,1.0
rt'ing,-0.971830985915493,False,1,1,0.0,1.0
goodnight,-0.971830985915493,False,1,1,0.0,1.0
cheeky,-0.971830985915493,False,1,1,0.0,1.0
convinced,-0.971830985915493,False,1,1,0.0,1.0
marry,-0.971830985915493,False,1,2,0.0,1.0
balls,-0.971830985915493,False,1,2,0.0,1.0
hunky,-0.971830985915493,False,1,1,0.0,1.0
pregnant,-0.971830985915493,False,1,2,0.0,1.0
boyfriend,-0.971830985915493,False,1,1,0.0,1.0
rock,-0.971830985915493,False,1,3,0.0,1.0
sure,-0.971830985915493,False,1,4,0.0,1.0
stupid,-0.971830985915493,False,1,6,0.0,1.0
licking,-0.9702970297029703,False,1,1,0.0,1.0
~charlie,-0.9702970297029703,False,1,1,0.0,1.0
throat,-0.9702970297029703,False,1,2,0.0,1.0
tf,-0.9702970297029703,False,1,7,0.0,1.0
crowing,-0.9669421487603306,False,1,1,0.0,1.0
jiggaboo,-0.9669421487603306,False,1,1,0.0,1.0
maker,-0.9669421487603306,False,1,1,0.0,1.0
smash,-0.9645390070921985,False,1,1,0.0,1.0
admit,-0.9645390070921985,False,1,1,0.0,1.0
bring,-0.9645390070921985,False,1,4,0.0,1.0
grinding,-0.957345971563981,False,1,1,0.0,1.0
128514;&#128514;&#128514;&#128128,0.957345971563981,False,1,1,1.0,0.0
rednecks,-0.957345971563981,False,1,3,0.0,1.0
puke,-0.9567099567099567,False,1,1,0.0,1.0
